Well,Sample ID,Depth,Quartz,KFeldspar,Plagioclase,Quartzite,Phyllite,MRF undiff,Mafic Metamorphic RF,Shale RF,Siltstone RF,Sandstone RF,Chert,Limestone RF,Silicic Volcanic RF,Feldspathic VRF,Basaltic RF,Volcanic Glass,Plut RF undiff,Undiff ductile lithic,Muscovite,Biotite,Chlorite,Iron Oxide,Tourmaline,TiOx,Zircon,Amphibole,Opaque minerals,Clay mineral matrix,Porelining (tangential) illite,FeOs (porelinung),Quartz cement,Kfeldspar cement,Calcite,Dolomite,Fedolomite,Siderite,FeOs (porefilling),auth TiOx,porefilling Illite (radial and meshwork),Chlorite,Kaolinite,Solid hydrocarbon,Anhydrite,Gypsum,Barite,Halite,Kaolinite rp Kfeldspar,Illite rp Kaolinite,Illite rp Kfeldspar,Dolomite rp Kfeldspar,Calcite rp Kfs,Chlorite rp VRF,Intergranular porosity,Intragranular porosity (Kfeldspar),Intragranular porosity (undifferentiated),Intragranular Fracture Porosity,Porosity (%),log-transformed Permeability (mD),IGV,GTI,GTG,Grain size (mm),Sorting,Q,F,R,COPL (%),CEPL (%),,,,
Buntsandstein A+B,A_70706,1133.40,44.67,9.67,0.00,1.00,2.33,6.00,0.00,0.00,0.33,0.00,0.00,0.00,0.00,0.00,0.00,0.00,0.67,1.67,3.67,0.00,0.00,0.67,0.00,0.33,0.00,0.00,0.67,0.33,2.67,0.00,8.33,2.33,0.00,0.33,0.00,0.00,0.00,0.00,3.33,0.00,0.33,0.00,0.00,0.00,0.00,0.00,0.00,0.67,1.00,0.00,0.00,0.00,6.33,1.67,1.00,0.00,14.40,-0.54,24.00,24.00,61.66,0.08,0.68,68.84,15.58,15.58,27.95,12.49,,,,
Buntsandstein A+B,A_70707,1133.80,41.00,9.67,0.00,0.33,2.33,5.00,0.00,0.00,0.33,0.33,1.33,0.00,0.00,0.00,0.00,0.00,0.67,2.00,2.33,0.00,0.00,0.00,0.00,0.00,0.00,0.00,0.00,0.00,2.00,0.00,13.33,2.33,0.00,2.67,0.67,0.00,0.00,0.00,2.67,0.00,0.00,0.00,0.00,0.00,0.00,0.00,0.00,0.00,0.33,0.00,0.00,0.00,9.00,1.33,0.33,0.00,19.10,1.80,32.67,32.67,49.03,0.11,0.75,65.61,16.40,17.99,18.32,19.33,,,,
Buntsandstein A+B,A_70709,1134.40,52.00,8.67,0.00,1.67,3.33,3.00,0.33,0.00,0.00,0.00,0.33,0.00,0.00,0.00,0.00,0.00,0.00,2.00,6.67,0.00,0.00,0.00,0.00,0.33,0.00,0.00,0.00,0.00,2.33,0.00,4.00,2.33,0.00,1.67,0.00,0.00,0.00,0.33,3.33,0.00,0.00,0.00,0.00,0.00,0.00,0.00,0.00,0.00,0.33,0.00,0.00,0.00,6.00,1.00,0.33,0.00,12.90,-1.22,20.00,20.00,63.54,0.07,0.65,75.23,12.15,12.62,31.25,9.63,,,,
Buntsandstein A+B,A_fracture,1135.80,48.67,9.67,0.00,0.00,7.33,3.00,0.00,0.00,0.00,0.00,0.00,0.00,0.00,0.00,0.00,0.00,0.33,7.67,6.67,0.67,0.00,0.00,0.33,0.67,0.00,0.00,0.00,1.00,1.00,0.00,3.67,0.00,0.00,0.67,0.00,0.00,0.00,0.00,0.00,0.00,0.00,1.00,0.00,0.00,0.00,0.00,0.00,0.00,0.00,0.00,0.00,0.00,5.33,0.67,1.00,0.67,,,,12.67,,0.08,0.64,63.48,13.04,23.48,37.74,3.94,,,,
Buntsandstein A+B,A_70713,1142.65,44.00,8.67,0.00,1.00,2.00,4.33,0.00,0.00,0.67,0.00,0.67,0.00,0.00,0.00,0.00,0.00,0.67,0.00,3.33,0.00,0.00,0.33,0.00,0.00,0.00,0.00,0.33,0.00,2.33,0.00,14.67,4.33,0.00,0.67,0.00,0.00,0.00,0.00,2.00,0.00,0.00,0.00,0.00,0.00,0.00,0.00,0.67,0.33,0.33,0.00,0.00,0.00,6.67,1.33,0.67,0.00,15.20,-0.20,30.67,30.67,50.72,0.09,0.60,72.58,15.05,12.37,20.67,19.04,,,,
Buntsandstein A+B,A_70716,1144.10,44.00,9.00,0.00,0.33,2.33,5.33,0.00,0.00,0.00,0.00,0.00,0.00,0.00,0.00,0.00,0.00,0.33,0.00,2.67,0.00,0.00,0.33,0.00,0.00,0.33,0.00,0.00,0.00,1.67,0.00,17.00,4.67,0.00,1.33,0.00,0.00,0.00,0.33,1.67,0.00,0.00,2.00,0.00,0.00,0.00,0.00,0.33,0.33,0.33,0.00,0.00,0.00,4.33,1.00,0.33,0.00,17.60,0.72,33.00,33.00,44.37,0.13,0.63,72.28,15.22,12.50,17.91,23.53,,,,
Buntsandstein A+B,A_70721,1144.50,58.33,8.67,0.00,1.33,4.33,1.00,0.00,0.00,0.33,0.00,0.33,0.00,0.00,0.00,0.00,0.00,0.33,2.00,0.33,0.00,0.00,0.00,0.00,0.00,0.00,0.00,0.00,0.33,4.00,0.00,4.33,2.67,0.00,1.00,0.00,0.00,0.00,0.00,2.00,0.00,0.00,0.00,0.00,0.00,0.00,0.00,0.00,0.00,0.33,0.00,0.00,0.00,5.67,1.33,1.33,0.00,14.50,-0.04,20.00,20.00,71.06,0.16,0.58,77.83,11.74,10.43,31.54,9.59,,,,
Buntsandstein A+B,A_70725,1145.95,47.67,8.33,0.00,0.67,2.33,3.00,0.00,0.00,1.00,0.00,0.33,0.00,0.00,0.00,0.00,0.00,0.00,1.00,0.67,0.00,0.00,0.00,0.00,0.00,0.00,0.00,0.00,0.00,2.00,0.00,17.67,4.00,0.00,0.00,0.00,0.00,0.00,0.00,1.00,0.00,0.00,1.67,0.00,0.00,0.00,0.00,0.33,0.33,0.67,0.00,0.00,0.00,4.67,2.67,0.00,0.00,17.40,1.30,31.00,31.00,41.54,0.16,0.52,75.13,12.95,11.92,20.29,20.99,,,,
Buntsandstein A+B,A_70726,1146.35,41.67,11.00,0.00,1.00,1.00,3.33,0.00,0.00,1.33,0.33,0.67,0.00,0.00,0.00,0.00,0.00,0.00,0.33,1.00,0.00,0.00,0.00,0.00,0.00,0.00,0.00,0.00,0.33,1.00,0.00,19.00,4.67,0.00,0.33,0.00,0.00,0.00,0.00,2.33,0.00,0.00,0.33,0.00,0.00,0.00,0.00,0.00,0.00,0.00,0.00,0.00,0.00,8.00,1.67,0.33,0.33,19.50,2.12,36.00,36.00,32.92,0.17,0.52,70.33,18.13,11.54,14.51,23.65,,,,
Buntsandstein A+B,A_70814,1525.95,53.00,7.00,0.00,2.00,0.00,4.33,0.67,0.00,1.00,2.00,1.00,0.00,0.00,0.00,0.00,0.00,0.67,0.67,0.33,0.00,0.00,0.33,0.00,0.00,0.00,0.00,0.00,0.00,0.67,0.67,5.00,2.67,0.00,4.33,0.00,0.00,0.00,0.00,5.00,0.00,0.00,0.00,0.00,0.00,0.00,0.00,0.00,0.00,0.00,0.00,0.00,0.00,6.33,1.00,1.33,0.00,14.30,0.41,24.67,24.67,51.31,0.23,0.59,76.04,10.60,13.36,26.99,13.38,,,,
Buntsandstein A+B,A_70818,1527.00,60.67,8.00,0.00,3.00,2.67,4.33,0.00,0.00,0.67,0.00,0.67,0.00,0.00,0.00,0.00,0.00,2.00,2.00,0.67,0.00,0.00,0.00,0.00,0.00,0.00,0.00,0.00,0.00,2.67,0.67,5.00,0.33,0.00,0.33,0.00,0.00,0.33,0.00,3.67,0.00,0.00,0.00,0.00,0.00,0.00,0.00,0.00,0.00,0.33,0.00,0.00,0.00,1.33,0.67,0.00,0.00,10.10,-1.43,14.33,14.33,63.86,0.15,0.74,75.79,11.90,12.30,35.80,8.35,,,,
Buntsandstein A+B,A_70823,1528.35,50.33,8.67,0.00,3.00,0.33,2.33,1.00,0.00,0.33,1.67,0.00,0.00,0.33,0.00,0.00,0.00,1.33,0.00,0.33,0.00,0.00,0.00,0.00,0.00,0.00,0.00,0.00,0.00,0.67,1.00,6.33,0.33,0.00,3.67,0.67,0.00,0.67,0.00,5.00,0.00,0.00,0.00,0.00,0.00,0.00,0.00,0.00,0.00,0.33,0.00,0.00,0.00,7.33,3.33,0.33,0.67,15.30,0.67,25.67,25.67,50.41,0.25,0.61,76.92,14.42,8.65,26.01,13.57,,,,
Buntsandstein A+B,A_70824,1528.60,60.33,9.00,0.00,2.33,0.33,1.67,1.33,1.00,0.33,0.00,0.33,0.00,0.67,0.00,0.00,0.00,1.33,2.00,0.00,0.00,0.00,0.33,0.00,0.00,0.00,0.00,0.00,0.00,1.67,0.67,4.67,1.00,0.00,0.00,0.00,0.00,0.00,0.00,3.67,0.00,0.00,0.00,0.00,0.00,0.00,0.00,0.00,0.00,0.00,0.00,0.00,0.00,5.33,0.67,1.33,0.00,12.20,-0.96,17.00,17.00,63.31,0.20,0.56,77.69,12.81,9.50,33.73,7.73,,,,
Buntsandstein A+B,A_70826,1529.00,57.33,6.67,0.00,2.00,0.67,1.33,0.33,0.33,0.67,0.33,0.00,0.00,1.00,0.00,0.00,0.00,1.33,0.00,0.00,0.00,0.00,0.00,0.00,0.00,0.00,0.00,0.00,0.00,1.00,0.67,10.33,1.00,0.00,1.00,0.00,0.00,0.00,0.00,3.67,0.00,0.00,0.00,0.00,0.00,0.00,0.00,0.00,0.00,0.00,0.33,0.00,0.00,9.00,0.33,0.67,0.00,13.90,1.13,26.67,26.67,47.77,0.33,0.72,82.41,11.11,6.48,25.00,13.25,,,,
Buntsandstein A+B,A_70828,1529.60,61.67,9.00,0.00,1.33,1.00,2.00,0.33,0.33,0.00,0.33,0.33,0.00,0.00,0.00,0.00,0.00,1.33,0.33,0.00,0.00,0.00,0.00,0.00,0.00,0.00,0.00,0.00,0.00,0.67,1.00,3.67,1.33,0.00,2.00,0.33,0.00,0.00,0.00,2.67,0.00,0.00,0.00,0.00,0.00,0.00,0.00,0.00,0.33,0.00,0.00,0.00,0.00,8.00,1.33,0.33,0.33,12.70,0.28,19.67,19.67,57.40,0.28,0.66,80.77,13.25,5.98,31.54,7.99,,,,
Buntsandstein A+B,A_70830,1530.30,56.67,8.00,0.00,0.33,1.67,3.67,0.33,0.33,1.67,0.33,0.00,0.00,0.67,0.00,0.00,0.00,0.33,0.33,0.00,0.00,0.00,0.00,0.00,0.00,0.00,0.00,0.00,0.00,0.67,1.33,10.33,0.67,0.00,0.67,0.00,0.00,0.00,0.00,2.67,0.00,0.00,0.00,0.00,0.00,0.00,0.00,0.00,0.00,0.33,0.00,0.00,0.00,6.33,1.67,0.67,0.33,14.00,0.83,22.67,22.67,53.56,0.32,0.47,76.68,11.21,12.11,28.88,11.62,,,,
Buntsandstein A+B,A_70833,1530.95,57.33,10.33,0.00,3.00,2.67,4.00,0.67,0.00,0.67,0.00,0.33,0.00,1.00,0.00,0.00,0.00,1.00,4.67,0.67,0.00,0.00,0.00,0.00,0.00,0.00,0.00,0.00,0.33,4.00,0.00,3.00,0.00,0.00,0.33,0.33,0.00,0.00,0.00,4.33,0.00,0.00,0.00,0.00,0.00,0.00,0.00,0.00,0.00,0.33,0.00,0.00,0.00,0.67,0.33,0.00,0.00,7.40,-1.65,13.00,13.00,68.46,0.25,0.62,70.43,13.23,16.34,37.02,7.56,,,,
Buntsandstein A+B,A_70834,1531.15,47.00,11.67,0.00,3.00,0.33,4.00,0.33,0.00,2.33,0.67,0.33,0.00,0.33,0.00,0.00,0.00,0.33,0.33,0.00,0.00,0.00,0.00,0.00,0.33,0.00,0.00,0.00,0.00,0.67,0.67,10.67,1.67,0.00,0.00,0.00,0.00,0.00,0.00,3.00,0.00,0.00,0.00,0.00,0.00,0.00,0.00,0.00,0.33,0.33,0.00,0.00,0.00,10.33,1.00,0.00,0.33,16.00,1.48,27.00,27.00,42.17,0.36,0.51,70.75,16.98,12.26,24.66,12.56,,,,
Buntsandstein A+B,A_70836,1531.55,54.00,9.67,0.00,0.67,0.33,5.00,0.00,0.00,1.00,0.00,1.00,0.00,1.00,0.00,0.00,0.00,1.00,1.33,0.33,0.00,0.00,0.33,0.00,0.00,0.00,0.00,0.00,0.00,1.33,2.00,6.67,0.67,0.00,1.67,0.33,0.00,0.00,0.00,4.33,0.00,0.00,0.00,0.00,0.00,0.00,0.00,0.00,0.33,0.00,0.33,0.00,0.00,5.67,0.33,0.67,0.00,13.20,1.02,22.67,22.67,47.17,0.31,0.77,72.89,14.22,12.89,28.88,12.09,,,,
Buntsandstein A+B,A_70837,1531.80,48.33,12.00,0.00,2.00,0.67,2.33,0.67,0.00,1.33,0.67,1.00,0.00,0.33,0.00,0.00,0.00,2.67,0.00,0.33,0.00,0.00,0.00,0.00,0.00,0.00,0.00,0.00,0.00,0.33,1.00,8.00,0.67,0.00,5.00,0.00,0.00,0.33,0.00,4.67,0.00,0.00,0.00,0.00,0.00,0.00,0.00,0.00,0.00,0.00,0.00,0.00,0.00,7.00,0.00,0.33,0.33,15.30,1.76,27.00,27.00,52.69,0.33,0.59,69.91,20.37,9.72,24.66,15.07,,,,
Buntsandstein A+B,A_70841,1534.05,49.33,9.33,0.00,0.33,0.67,6.33,0.33,0.00,1.00,0.33,0.33,0.00,0.33,0.00,0.00,0.00,1.00,0.33,0.33,0.00,0.00,0.33,0.00,0.00,0.00,0.00,0.00,0.00,0.67,0.67,6.67,0.67,0.00,2.67,0.67,0.00,0.00,0.00,6.00,0.00,0.00,0.00,0.00,0.00,0.00,0.00,0.33,0.00,0.00,0.00,0.00,0.00,9.00,1.00,1.33,0.00,15.50,1.63,27.00,27.00,44.50,0.34,0.76,71.29,14.83,13.88,24.66,13.56,,,,
Buntsandstein A+B,A_70844,1534.70,58.67,8.33,0.00,1.33,1.33,3.67,1.00,0.00,0.67,0.00,0.67,0.00,0.00,0.00,0.00,0.00,1.00,3.33,0.67,0.00,0.00,0.00,0.00,0.00,0.00,0.00,0.00,0.00,4.00,1.00,1.33,0.00,0.00,0.67,0.00,0.00,0.00,0.00,7.00,0.00,0.00,0.00,0.00,0.00,0.00,0.00,0.00,0.00,0.00,0.00,0.00,0.00,4.00,1.00,0.33,0.00,13.00,-0.49,18.00,18.00,55.13,0.20,0.81,75.00,11.67,13.33,32.93,9.39,,,,
Buntsandstein A+B,A_70846,1535.25,51.67,7.67,0.00,1.33,0.33,5.33,1.00,0.00,1.00,1.00,1.00,0.00,0.33,0.00,0.00,0.00,0.67,1.00,0.00,0.00,0.00,0.00,0.00,0.00,0.00,0.00,0.00,0.00,0.00,1.00,7.33,0.33,0.00,0.33,0.00,0.00,0.00,0.00,6.33,0.00,0.00,0.00,0.00,0.00,0.00,0.00,0.67,0.67,0.33,0.00,0.00,0.00,8.33,1.33,1.00,0.00,20.00,1.93,23.67,23.67,46.82,0.33,0.62,73.27,11.52,15.21,27.95,11.05,,,,
Buntsandstein A+B,A_70848,1535.70,48.67,7.33,0.00,4.00,0.33,5.00,0.00,0.33,1.67,0.33,1.00,0.00,0.33,0.00,0.00,0.00,1.00,0.67,0.00,0.00,0.00,0.00,0.00,0.00,0.00,0.00,0.00,0.00,1.67,3.00,3.67,0.00,0.00,2.00,0.00,0.00,0.00,0.00,8.33,0.00,0.00,0.00,0.00,0.00,0.00,0.00,0.00,0.00,0.00,0.00,0.00,0.00,9.00,1.00,0.67,0.00,18.30,1.78,27.67,27.67,47.50,0.29,0.56,74.53,11.79,13.68,23.96,14.19,,,,
Buntsandstein A+B,A_70852,1536.65,48.00,10.33,0.00,0.33,0.00,10.00,0.33,0.00,0.67,0.67,0.00,0.00,0.67,0.00,0.00,0.00,0.33,0.00,0.00,0.00,0.00,0.00,0.00,0.00,0.00,0.00,0.00,0.00,0.00,0.67,8.33,1.00,0.00,0.33,0.00,0.00,0.00,0.00,6.33,0.00,0.33,0.00,0.00,0.00,0.00,0.00,0.00,0.00,0.00,0.00,0.00,0.00,10.33,0.67,0.33,0.33,17.80,1.98,27.33,27.33,40.77,0.34,0.63,67.76,14.95,17.29,24.31,12.87,,,,
Buntsandstein A+B,A_70855,1537.50,51.67,8.33,0.00,2.00,0.00,4.00,0.00,0.33,1.33,1.33,0.33,0.00,0.67,0.00,0.00,0.00,1.00,0.67,0.00,0.00,0.00,0.00,0.00,0.00,0.00,0.00,0.00,0.00,0.33,1.00,9.00,0.67,0.00,6.33,0.00,0.00,0.00,0.00,2.33,0.00,0.00,0.00,0.00,0.00,0.00,0.00,0.00,0.00,0.00,0.00,0.00,0.00,7.67,0.67,0.33,0.00,19.60,2.29,27.33,27.33,48.45,0.35,0.59,74.88,13.02,12.09,24.31,14.89,,,,
Buntsandstein A+B,A_70858,1538.25,49.33,9.00,0.00,3.00,2.67,5.00,0.67,0.00,1.33,1.33,0.00,0.00,0.00,0.00,0.00,0.00,1.33,3.00,0.33,0.00,0.00,0.00,0.00,0.00,0.00,0.00,0.00,0.00,4.33,0.33,4.67,1.00,0.00,0.33,0.00,0.00,0.00,0.00,6.00,0.00,0.00,0.00,0.00,0.00,0.00,0.00,0.33,0.00,0.00,0.00,0.00,0.00,4.00,1.00,1.00,0.00,11.40,-1.03,20.67,20.67,60.24,0.21,0.57,68.26,13.48,18.26,30.67,11.55,,,,
Buntsandstein A+B,A_70860,1538.65,52.00,7.67,0.00,1.33,1.00,5.67,0.33,0.00,0.00,1.00,1.00,0.00,0.67,0.00,0.00,0.00,1.00,1.00,0.00,0.00,0.00,0.33,0.00,0.00,0.00,0.00,0.00,0.00,0.00,3.67,4.67,0.33,0.00,1.67,0.33,0.00,0.00,0.00,5.00,0.00,0.00,0.00,0.00,0.00,0.00,0.00,0.00,0.00,0.33,0.00,0.00,0.00,8.67,1.33,1.00,0.00,17.50,0.93,24.33,24.33,42.39,0.28,0.58,73.39,11.93,14.68,27.31,11.39,,,,
Buntsandstein A+B,A_70863,1539.40,49.67,9.33,0.00,2.00,1.33,7.00,0.00,0.00,0.67,0.67,0.33,0.00,1.67,0.00,0.00,0.00,0.67,0.00,0.00,0.00,0.00,0.33,0.00,0.00,0.00,0.00,0.00,0.00,1.67,1.33,4.67,1.33,0.00,1.33,0.00,0.00,0.00,0.00,7.00,0.00,0.00,0.00,0.00,0.00,0.00,0.00,0.00,0.00,0.00,0.00,0.00,0.00,7.00,1.33,0.67,0.00,16.10,1.40,24.33,24.33,44.60,0.28,0.60,70.45,13.64,15.91,27.31,12.60,,,,
Buntsandstein A+B,A_70867,1540.55,52.33,11.33,0.00,1.33,0.00,5.67,0.33,0.33,1.00,0.33,0.33,0.00,0.00,0.00,0.00,0.00,0.67,0.00,0.00,0.00,0.00,0.00,0.00,0.00,0.00,0.00,0.00,0.00,1.00,1.33,2.00,0.33,0.00,0.00,0.00,0.00,0.00,0.00,6.00,0.00,0.00,0.00,0.00,0.00,0.00,0.00,0.33,0.33,0.33,0.00,0.00,0.00,12.67,1.33,0.33,0.33,18.10,1.41,23.33,23.33,45.70,0.32,0.67,72.85,16.29,10.86,28.26,7.65,,,,
Buntsandstein A+B,A_70870,1541.45,52.67,10.33,0.00,1.67,0.67,6.33,0.00,0.00,0.33,0.33,0.33,0.00,0.33,0.00,0.00,0.00,1.00,1.00,0.00,0.00,0.00,0.00,0.00,0.00,0.00,0.00,0.00,0.00,1.67,0.33,2.00,0.67,0.00,1.00,0.00,0.00,0.00,0.00,5.67,0.00,0.00,0.00,0.00,0.00,0.00,0.00,0.00,0.00,0.00,0.00,0.00,0.00,12.00,0.67,1.00,0.00,17.80,0.87,23.33,23.33,49.59,0.27,0.60,72.44,15.11,12.44,28.26,8.13,,,,
Buntsandstein A+B,A_70873,1542.45,51.00,8.67,0.00,1.33,0.33,8.33,0.67,0.00,0.00,0.67,0.33,0.00,0.00,0.00,0.00,0.00,1.67,0.33,0.00,0.00,0.00,0.00,0.00,0.00,0.00,0.00,0.00,0.00,0.33,0.00,5.67,0.33,0.00,3.33,0.33,0.00,0.00,0.00,5.00,0.00,0.00,0.00,0.00,0.00,0.00,0.00,0.67,0.00,0.67,0.00,0.00,0.00,9.00,0.67,0.67,0.00,19.70,1.95,24.00,24.00,41.88,0.33,0.62,71.36,14.09,14.55,27.63,10.86,,,,
Buntsandstein A+B,B_32939,1590.02,52.33,9.33,0.00,0.33,0.00,4.33,0.00,0.00,0.67,0.33,0.67,0.00,0.00,0.00,0.00,0.00,0.00,0.00,0.00,0.00,0.00,0.00,0.00,0.00,0.00,0.00,0.00,0.00,0.00,2.00,20.00,2.00,0.00,0.00,0.00,0.00,0.00,0.00,0.33,0.00,0.00,0.00,0.00,0.00,0.00,0.00,0.00,0.00,0.33,0.00,0.00,0.00,5.67,1.00,0.67,0.00,13.90,1.59,30.00,30.00,33.65,0.32,0.60,77.45,13.73,8.82,21.43,19.12,,,,
Buntsandstein A+B,B_32940,1590.06,50.33,8.67,0.00,0.67,0.00,1.33,0.33,0.00,1.00,0.33,0.33,0.00,0.00,0.00,0.00,0.00,1.67,0.00,0.00,0.00,0.00,0.00,0.00,0.00,0.00,0.00,0.00,0.00,0.00,0.33,22.33,2.33,0.00,0.00,0.00,0.00,0.00,0.00,1.00,0.00,0.00,0.00,0.00,0.00,0.00,0.00,0.00,0.00,0.67,0.00,0.00,0.00,7.00,0.67,1.00,0.00,14.30,1.54,33.00,33.00,31.04,0.30,0.52,78.87,15.98,5.15,17.91,21.34,,,,
Buntsandstein A+B,B_32941,1590.10,50.67,10.00,0.00,0.67,0.00,2.33,1.00,0.00,0.67,0.67,0.00,0.00,0.00,0.00,0.00,0.00,0.67,0.00,0.00,0.00,0.00,0.00,0.00,0.00,0.00,0.00,0.00,0.00,0.67,3.33,16.00,1.00,0.00,0.00,0.00,0.00,0.00,0.00,1.00,0.00,0.00,0.00,0.00,0.00,0.00,0.00,0.00,0.00,0.00,0.00,0.00,0.00,9.00,1.67,0.67,0.00,14.10,1.33,31.00,31.00,25.39,0.32,0.48,77.00,16.00,7.00,20.29,17.54,,,,
Buntsandstein C,C_2,2970.35,59.00,8.00,0.00,2.00,5.67,1.33,0.00,1.00,1.33,0.00,0.00,0.00,0.00,0.00,0.00,0.00,0.67,6.00,1.00,0.33,0.00,0.33,0.00,0.67,0.00,0.00,0.00,0.00,5.67,0.00,3.33,0.00,0.00,2.33,0.00,0.00,0.00,0.00,1.33,0.00,0.00,0.00,0.00,0.00,0.00,0.00,0.00,0.00,0.00,0.00,0.00,0.00,0.00,0.00,0.00,0.00,0.21,,7.00,79.46,82.32,0.17,0.68,71.76,10.20,18.04,40.86,4.14,,,,
Buntsandstein C,C_4,2974.22,56.00,6.00,0.00,1.67,2.33,0.00,0.00,6.00,1.00,0.00,0.67,0.00,0.00,0.00,0.00,0.00,0.33,1.33,0.33,0.00,0.00,0.00,0.00,0.33,0.00,0.00,0.00,0.00,0.33,0.00,20.67,1.00,0.00,1.00,0.00,0.33,0.00,0.00,0.00,0.00,0.00,0.00,0.00,0.00,0.00,0.00,0.00,0.00,0.00,0.67,0.00,0.00,0.00,0.00,0.00,0.00,1.40,,23.00,20.80,29.60,0.31,0.62,76.55,8.41,15.04,28.57,16.43,,,,
Buntsandstein C,C_6,2974.48,57.33,5.67,0.00,1.33,0.33,0.00,0.00,2.67,0.33,0.00,0.33,0.67,0.00,0.00,0.00,0.00,0.00,0.33,0.67,0.00,0.00,0.00,0.00,0.00,0.00,0.00,0.00,0.00,0.00,0.00,22.33,1.00,0.00,3.33,0.00,1.00,0.00,0.00,0.00,0.00,0.00,0.00,0.00,0.00,1.00,0.00,0.00,0.00,0.00,0.00,0.00,0.00,1.00,0.67,0.00,0.00,2.61,,29.67,9.80,28.22,0.36,0.60,85.02,8.21,6.76,21.80,22.42,,,,
Buntsandstein C,C_8,2974.83,54.67,5.67,0.00,1.67,0.67,1.33,0.00,1.33,1.00,0.33,0.33,0.33,0.00,0.00,0.00,0.00,0.00,0.00,0.00,0.00,0.00,0.00,0.00,0.00,0.00,0.00,0.00,0.00,0.00,0.00,26.33,1.33,0.00,0.00,0.00,1.33,0.00,0.00,1.67,0.00,0.00,0.33,0.00,0.00,0.67,0.00,0.00,0.00,0.00,0.00,0.00,0.00,0.67,0.33,0.00,0.00,2.23,,32.33,34.18,29.26,0.33,0.50,83.66,8.42,7.92,18.72,25.74,,,,
Buntsandstein C,C_10,2975.09,57.00,8.67,0.00,0.33,0.67,0.67,0.00,1.33,0.00,0.00,0.00,0.00,0.00,0.00,0.00,0.00,0.33,1.33,0.33,0.00,0.00,0.00,0.00,0.00,0.00,0.00,0.00,0.00,1.00,0.00,21.67,1.67,0.00,0.67,0.00,0.00,0.00,0.00,2.67,0.00,0.00,0.00,0.00,0.00,0.00,0.00,0.00,0.00,0.00,0.33,0.00,0.00,1.00,0.33,0.00,0.00,2.61,,27.67,40.60,34.70,0.29,0.53,81.52,12.80,5.69,23.96,20.28,,,,
Buntsandstein C,C_20,2975.50,51.00,7.67,0.00,1.33,0.33,1.00,0.00,0.33,1.33,0.33,2.00,0.00,0.00,0.00,0.00,0.00,0.33,0.00,0.00,0.00,0.00,0.00,0.00,0.00,0.00,0.00,0.00,0.00,0.67,0.00,24.00,0.67,0.00,2.67,0.00,0.00,0.00,0.00,4.67,0.00,0.00,0.00,0.00,0.00,0.00,0.00,0.00,0.00,0.00,1.00,0.00,0.00,0.33,0.33,0.00,0.00,1.96,,32.33,19.56,40.20,0.33,0.49,79.70,12.18,8.12,18.72,26.01,,,,
Buntsandstein C,C_25,2975.70,48.67,8.00,0.00,0.67,0.00,1.00,0.00,2.00,2.00,0.00,0.67,6.67,0.00,0.00,0.00,0.00,0.33,0.00,0.00,0.00,0.00,0.00,0.00,0.00,0.00,0.00,0.00,0.00,0.33,0.00,16.00,0.33,0.00,9.67,0.00,0.00,0.00,0.00,0.00,0.00,0.00,0.00,0.00,0.00,0.00,0.00,0.00,0.00,0.00,2.67,0.00,0.00,1.00,0.00,0.00,0.00,1.60,,27.00,28.22,21.92,0.33,0.54,70.48,11.90,17.62,24.66,19.59,,,,
Buntsandstein C,C_30,2975.89,54.33,6.67,0.00,1.00,0.33,0.33,0.00,0.67,1.67,0.33,0.33,0.00,0.00,0.00,0.00,0.00,0.00,0.67,0.00,0.00,0.00,0.00,0.00,0.00,0.33,0.00,0.00,0.00,0.00,0.00,27.00,0.00,0.00,0.67,0.00,0.00,0.00,0.00,2.67,0.00,0.00,0.00,0.00,0.00,0.33,0.00,0.00,0.00,0.33,0.67,0.00,0.00,1.00,0.33,0.33,0.00,3.07,,31.67,13.60,36.42,0.31,0.48,83.42,10.05,6.53,19.51,24.68,,,,
Buntsandstein C,C_40,2976.50,59.33,8.00,0.00,1.00,1.00,0.00,0.00,2.33,0.33,0.33,0.00,0.33,0.00,0.00,0.00,0.00,0.33,1.00,1.33,0.00,0.00,0.00,0.00,0.00,0.00,0.00,0.00,0.00,2.00,0.00,15.67,0.33,0.00,1.67,0.00,0.00,0.00,0.00,3.00,0.00,0.00,0.00,0.00,0.00,0.00,0.00,0.00,0.00,0.33,0.33,0.00,0.00,0.67,0.00,0.67,0.00,2.28,,21.33,26.34,67.22,0.29,0.55,81.53,11.26,7.21,30.08,14.45,,,,
Buntsandstein C,C_50,2976.99,60.33,7.00,0.33,0.33,0.00,0.00,0.00,1.67,0.33,0.00,1.33,0.00,0.00,0.00,0.00,0.00,0.33,0.33,0.00,0.00,0.00,0.00,0.00,0.00,0.00,0.00,0.00,0.00,0.00,0.00,21.67,0.33,0.00,1.00,0.00,0.33,0.00,0.00,0.33,0.00,0.00,0.00,0.00,0.00,0.67,0.00,0.00,0.00,0.33,0.67,0.00,0.00,1.00,1.00,0.67,0.00,1.75,,25.33,22.28,25.98,0.36,0.47,84.26,10.65,5.09,26.34,17.92,,,,
Buntsandstein C,C_60,2977.30,49.67,5.33,0.00,0.00,0.00,0.00,0.00,0.33,2.00,0.00,0.33,2.00,0.00,0.00,0.00,0.00,0.33,0.33,0.00,0.00,0.00,0.00,0.00,0.00,0.00,0.00,0.00,0.00,0.33,0.00,12.00,0.33,0.00,25.00,0.00,0.00,0.00,0.00,0.00,0.00,0.00,0.00,0.00,0.00,0.33,0.00,0.00,0.00,0.00,0.33,0.00,0.00,0.33,0.67,0.33,0.00,2.47,,38.00,57.92,12.20,0.35,0.59,82.32,9.39,8.29,11.29,33.41,,,,
Buntsandstein C,C_70,2968.40,54.00,4.33,0.00,0.33,0.00,0.00,0.00,4.00,0.67,0.00,0.67,1.00,0.00,0.00,0.00,0.00,0.33,0.67,0.00,0.00,0.00,0.00,0.00,0.00,0.00,0.00,0.00,0.00,0.00,0.00,13.67,0.33,0.00,17.33,0.00,0.33,0.00,0.00,0.33,0.00,0.00,0.00,0.00,0.00,0.00,0.00,0.00,0.00,0.00,1.67,0.00,0.00,0.00,0.33,0.00,0.00,0.64,,32.00,45.56,14.32,0.34,0.59,82.32,7.07,10.61,19.12,25.88,,,,
Buntsandstein C,C_80,2970.65,49.00,7.33,0.00,0.67,1.00,2.00,0.00,1.67,0.00,1.33,1.00,1.00,0.00,0.00,0.00,0.00,0.00,0.33,0.33,0.00,0.00,0.00,0.00,0.00,0.00,0.00,0.00,0.00,0.33,0.33,30.00,1.67,0.00,0.67,0.00,0.00,0.00,0.00,0.33,0.00,0.00,0.00,0.00,0.00,0.00,0.00,0.00,0.00,0.00,0.67,0.00,0.00,0.00,0.00,0.33,0.00,0.55,,32.67,13.48,12.00,0.34,0.53,76.02,11.22,12.76,18.32,26.68,,,,
Buntsandstein C,C_90,2977.42,53.67,7.33,0.00,1.00,0.33,0.67,0.00,0.67,1.00,0.00,0.67,0.00,0.00,0.00,0.00,0.00,0.33,0.00,0.33,0.00,0.00,0.00,0.00,0.00,0.00,0.00,0.00,0.00,0.00,0.33,26.33,0.33,0.00,1.33,0.00,1.00,0.33,0.00,2.33,0.00,0.00,0.00,0.00,0.00,0.00,0.00,0.00,0.00,0.33,0.33,0.00,0.00,1.00,0.33,0.00,0.00,2.98,,32.67,32.20,18.90,0.29,0.48,83.25,11.68,5.08,18.32,25.87,,,,
Buntsandstein C,C_100,2977.95,53.33,7.00,0.33,1.33,0.67,2.00,0.00,1.67,0.67,1.67,1.00,0.00,0.00,0.00,0.00,0.00,0.67,0.33,0.00,0.00,0.00,0.33,0.00,0.33,0.00,0.00,0.00,0.00,1.33,0.00,21.00,0.67,0.00,0.67,0.00,0.00,0.00,0.00,1.33,0.00,0.00,0.00,0.00,0.00,0.33,0.00,0.33,0.00,0.00,1.00,0.00,0.00,0.67,0.67,0.67,0.00,3.17,,24.67,40.70,61.06,0.27,0.51,77.36,11.32,11.32,26.99,17.52,,,,
Buntsandstein C,C_110,2978.27,50.67,7.00,0.00,0.00,10.00,1.67,0.00,4.33,1.33,0.00,1.67,0.00,0.00,0.00,0.00,0.00,0.67,2.33,1.67,0.00,0.00,0.33,0.00,0.33,0.33,0.00,0.00,0.00,2.33,0.00,9.67,0.67,0.00,2.67,0.00,0.33,0.00,0.00,1.33,0.67,0.00,0.00,0.00,0.00,0.00,0.00,0.00,0.00,0.00,0.00,0.00,0.00,0.00,0.00,0.00,0.00,0.20,,15.33,52.24,74.46,0.22,0.68,63.60,9.62,26.78,35.04,9.96,,,,
Buntsandstein C,C_120,2979.48,53.00,5.67,0.00,1.00,0.33,1.33,0.00,0.33,1.00,0.00,1.33,0.00,0.00,0.00,0.00,0.00,0.67,0.00,0.00,0.00,0.00,0.00,0.00,0.33,0.00,0.00,0.00,0.00,0.67,0.67,29.67,0.00,0.00,0.67,0.00,0.00,0.00,0.00,1.00,0.00,0.00,0.00,0.00,0.00,0.00,0.00,0.00,0.00,0.00,0.00,0.00,0.00,0.67,0.67,1.00,0.00,3.61,,32.00,13.40,11.00,0.36,0.54,83.51,9.79,6.70,19.12,25.34,,,,
Buntsandstein C,C_130,3149.15,52.33,5.67,0.00,1.33,0.33,1.33,0.00,4.33,1.00,0.00,2.33,0.00,0.00,0.00,0.00,0.00,0.67,0.00,0.67,0.00,0.00,0.00,0.33,0.00,0.00,0.00,0.00,0.00,0.33,0.33,24.33,1.33,0.00,1.33,0.00,0.00,0.00,0.00,1.00,0.00,0.00,0.00,0.00,0.00,0.00,0.00,0.00,0.00,0.00,0.67,0.00,0.00,0.00,0.00,0.33,0.00,1.94,,28.00,22.74,30.50,0.33,0.47,77.40,9.13,13.46,23.61,21.39,,,,
Buntsandstein C,C_140,2970.65,57.00,6.33,0.00,1.33,1.00,0.33,0.00,0.67,0.67,0.33,1.67,0.00,0.00,0.00,0.00,0.00,0.00,0.00,0.00,0.00,0.00,0.00,0.00,0.00,0.00,0.00,0.00,0.00,0.67,0.00,17.67,1.00,0.00,2.67,0.00,0.00,0.00,0.00,8.00,0.00,0.00,0.00,0.00,0.00,0.00,0.00,0.00,0.00,0.33,0.00,0.00,0.00,0.00,0.00,0.33,0.00,1.67,,29.33,41.94,51.22,0.28,0.56,84.13,9.13,6.73,22.17,22.83,,,,
Buntsandstein C,C_150,3149.32,54.33,6.67,0.33,1.00,0.00,0.67,0.00,0.33,0.33,0.00,1.67,0.00,0.00,0.00,0.00,0.00,0.33,0.00,0.00,0.00,0.00,0.00,0.00,0.00,0.00,0.00,0.00,0.00,0.33,0.67,27.67,2.00,0.00,0.33,0.00,0.00,0.00,0.00,0.33,0.00,0.00,0.00,0.00,0.00,0.33,0.00,0.00,0.00,0.67,0.67,0.00,0.00,0.33,0.67,0.33,0.00,2.36,,31.00,13.50,9.58,0.33,0.51,84.26,11.17,4.57,20.29,24.44,,,,
Buntsandstein C,C_160,3150.06,55.67,6.33,0.00,1.00,0.33,1.00,0.00,2.00,0.33,0.00,2.00,0.33,0.00,0.00,0.00,0.00,1.00,0.33,0.33,0.00,0.00,0.00,0.00,0.00,0.00,0.00,0.00,0.00,0.67,0.33,21.00,1.33,0.00,2.00,0.00,0.00,0.00,0.00,1.00,0.00,0.00,0.00,0.00,0.00,0.00,0.00,0.33,0.00,0.00,1.33,0.00,0.00,0.33,0.00,1.00,0.00,1.95,,25.67,23.08,38.22,0.29,0.64,80.57,10.43,9.00,26.01,18.74,,,,
Buntsandstein C,C_170,3151.09,57.67,9.00,0.00,1.00,3.00,5.33,0.00,1.00,2.00,0.00,2.00,0.00,0.00,0.00,0.00,0.00,0.33,0.33,0.00,0.00,0.00,0.00,0.00,0.33,0.33,0.00,0.00,0.00,5.67,0.00,6.67,0.00,0.00,1.67,0.00,0.00,0.00,0.00,3.33,0.00,0.00,0.00,0.00,0.00,0.00,0.00,0.00,0.00,0.33,0.00,0.00,0.00,0.00,0.00,0.00,0.00,0.68,,11.67,91.96,80.78,0.21,0.61,71.84,11.43,16.73,37.74,7.26,,,,
Buntsandstein C,C_180,3151.56,48.00,9.67,0.00,1.67,0.67,2.00,0.00,0.00,1.33,0.33,1.33,0.00,0.00,0.00,0.00,0.00,0.67,0.67,0.33,0.00,0.00,0.00,0.00,0.00,0.00,0.00,0.00,0.00,0.33,0.33,28.67,1.00,0.00,0.00,0.00,0.00,0.00,0.00,1.33,0.00,0.00,0.00,0.00,0.00,0.00,0.00,0.33,0.00,1.00,0.00,0.00,0.00,0.00,0.33,0.00,0.00,1.81,,31.00,27.52,40.74,0.25,0.49,74.87,15.58,9.55,20.29,24.71,,,,
Buntsandstein C,C_190,3152.05,53.33,12.67,0.00,1.00,0.33,0.67,0.00,0.67,0.33,0.00,1.00,0.00,0.00,0.00,0.00,0.00,0.33,0.33,0.67,0.00,0.00,0.00,0.00,0.00,0.00,0.00,0.00,0.00,0.67,0.00,24.00,0.33,0.00,0.67,0.00,0.00,0.00,0.00,0.33,0.00,0.00,0.00,0.00,0.00,0.00,0.00,0.33,0.00,0.67,0.33,0.00,0.00,0.67,0.67,0.00,0.00,3.52,,26.00,18.08,49.14,0.26,0.49,76.89,18.40,4.72,25.68,18.83,,,,
Buntsandstein C,C_200,2971.10,60.67,6.67,0.00,1.00,2.67,1.67,0.00,1.67,2.00,0.00,1.33,0.00,0.00,0.00,0.00,0.00,0.67,0.33,0.67,0.00,0.00,0.00,0.00,0.00,0.00,0.00,0.00,0.00,1.67,0.00,13.00,0.00,0.00,0.67,0.00,0.00,0.00,0.00,3.67,0.00,0.00,0.00,0.00,0.00,0.00,0.00,0.00,0.33,0.33,0.33,0.00,0.00,0.33,0.00,0.33,0.00,1.75,,17.67,53.32,62.06,0.24,0.59,78.39,9.32,12.29,33.20,11.58,,,,
Buntsandstein C,C_210,2968.82,64.67,5.00,0.00,1.33,1.67,1.67,0.00,0.67,1.33,0.00,0.67,0.00,0.00,0.00,0.00,0.00,0.33,0.33,0.33,0.00,0.00,0.00,0.00,0.33,0.00,0.00,0.00,0.00,1.00,0.00,13.33,0.67,0.00,0.00,0.00,0.33,0.00,0.00,4.33,0.00,0.00,0.00,0.00,0.00,0.33,0.00,0.00,0.00,0.00,0.00,0.00,0.00,1.33,0.00,0.33,0.00,2.19,,20.33,49.72,50.64,0.28,0.50,84.98,6.87,8.15,30.96,13.12,,,,
Buntsandstein C,C_220,2971.39,47.67,2.67,0.33,1.00,13.33,1.00,0.00,5.33,0.33,0.33,1.33,0.00,0.00,0.00,0.00,0.00,0.00,12.33,7.33,1.67,1.00,0.00,0.00,0.67,0.00,0.00,0.00,0.00,1.33,0.00,0.67,0.00,0.00,1.67,0.00,0.00,0.00,0.00,0.00,0.00,0.00,0.00,0.00,0.00,0.00,0.00,0.00,0.00,0.00,0.00,0.00,0.00,0.00,0.00,0.00,0.00,0.25,,2.33,97.18,88.72,0.13,0.75,56.81,3.50,39.69,43.69,1.31,,,,
Buntsandstein C,C_230,2972.45,55.67,5.67,0.00,1.00,0.00,1.33,0.00,0.00,0.33,0.00,0.67,0.00,0.00,0.00,0.00,0.00,0.33,0.33,0.67,0.00,0.00,0.00,0.00,0.00,0.00,0.00,0.00,0.00,0.00,1.00,31.67,0.33,0.00,0.00,0.00,0.00,0.00,0.00,0.33,0.00,0.00,0.00,0.00,0.00,0.00,0.00,0.00,0.00,0.00,0.33,0.00,0.00,0.00,0.00,0.33,0.00,1.41,,32.33,12.98,4.40,0.38,0.47,86.73,9.18,4.08,18.72,26.28,,,,
Buntsandstein C,C_240,2969.71,61.33,6.67,0.00,1.33,3.33,1.00,0.00,1.00,0.67,0.33,1.33,0.00,0.00,0.00,0.00,0.00,1.67,5.33,0.67,0.00,0.00,0.67,0.33,0.00,0.00,0.00,0.00,0.00,12.00,0.00,2.00,0.00,0.00,0.00,0.00,0.00,0.33,0.00,0.00,0.00,0.00,0.00,0.00,0.00,0.00,0.00,0.00,0.00,0.00,0.00,0.00,0.00,0.00,0.00,0.00,0.00,0.02,,2.33,95.28,98.26,0.15,0.69,74.60,9.92,15.48,43.69,1.31,,,,
Buntsandstein C,C_250,2973.02,71.00,6.67,0.00,0.67,0.00,0.00,0.00,0.33,0.33,0.00,0.33,0.00,0.00,0.00,0.00,0.00,0.67,1.33,0.33,0.00,0.00,0.00,0.00,0.00,0.00,0.00,0.00,0.00,8.67,1.00,8.00,0.33,0.00,0.00,0.00,0.00,0.33,0.00,0.00,0.00,0.00,0.00,0.00,0.00,0.00,0.00,0.00,0.00,0.00,0.00,0.00,0.00,0.00,0.00,0.00,0.00,0.07,,8.67,57.82,79.98,0.38,0.95,88.11,9.02,2.87,39.78,5.22,,,,
Buntsandstein C,C_260,2973.35,58.33,6.00,0.00,2.00,0.00,0.67,0.00,1.00,1.00,0.00,2.33,0.00,0.00,0.00,0.00,0.00,1.00,2.00,0.00,0.00,0.00,0.00,0.00,0.33,0.00,0.00,0.00,0.00,3.67,1.00,13.67,0.00,0.00,0.00,0.00,0.00,0.00,0.00,4.67,0.00,0.00,0.00,0.00,0.00,0.00,0.00,0.00,0.00,0.00,0.33,0.00,0.00,1.33,0.00,0.67,0.00,1.68,,19.67,71.82,66.26,0.17,0.60,81.17,9.42,9.42,31.54,12.55,,,,
Buntsandstein C,C_270,2970.07,49.67,8.33,0.00,0.33,0.33,0.33,0.00,0.00,0.00,0.00,1.33,0.00,0.00,0.00,0.00,0.00,1.33,1.00,0.33,0.00,0.00,0.00,0.00,0.00,0.00,0.00,0.00,0.00,0.00,0.00,28.67,1.00,0.00,0.33,0.00,0.00,0.00,0.00,0.00,0.00,0.00,0.00,0.00,0.00,0.33,0.00,0.33,0.00,0.33,2.00,0.00,0.00,2.00,1.67,0.33,0.00,4.03,,32.33,11.30,6.56,0.30,0.71,79.79,15.43,4.79,18.72,24.66,,,,
Buntsandstein C,C_280,2973.73,67.67,8.33,0.00,1.33,1.67,1.33,0.00,1.67,0.33,0.00,1.33,0.00,0.00,0.00,0.00,0.00,0.00,2.00,1.33,0.00,0.00,0.00,0.00,0.00,0.00,0.00,0.00,0.00,10.00,0.67,2.33,0.00,0.00,0.00,0.00,0.00,0.00,0.00,0.00,0.00,0.00,0.00,0.00,0.00,0.00,0.00,0.00,0.00,0.00,0.00,0.00,0.00,0.00,0.00,0.00,0.00,0.05,,2.33,89.84,88.96,0.24,0.89,80.54,9.73,9.73,43.69,1.31,,,,
Buntsandstein C,C_290,2973.98,62.67,6.00,0.00,2.00,0.00,0.00,0.00,0.00,0.33,0.67,2.33,0.00,0.00,0.00,0.00,0.00,1.33,0.33,0.00,0.00,0.00,0.33,0.00,0.00,0.00,0.00,0.00,0.00,0.33,2.33,19.00,0.00,0.00,0.33,0.00,0.00,0.00,0.00,0.00,0.00,0.00,0.00,0.00,0.00,0.00,0.00,0.00,0.00,0.33,0.00,0.00,0.00,0.67,0.00,1.00,0.00,0.73,,20.00,22.26,40.30,0.27,0.80,85.46,9.69,4.85,31.25,13.29,,,,
Buntsandstein D,KG002,707.45,50.33,9.33,0.00,0.00,0.33,2.33,0.00,0.67,0.33,0.33,3.67,0.00,0.00,0.00,0.00,0.00,0.33,8.67,0.33,0.00,0.00,1.00,0.00,0.33,0.00,0.00,0.00,1.00,5.67,0.33,3.00,0.00,0.00,1.00,0.00,0.00,1.00,0.00,7.33,0.00,0.33,0.00,0.00,0.00,0.00,0.00,0.00,0.00,0.00,0.00,0.00,0.00,2.33,0.00,0.00,0.00,6.27,-4.0000,16.33,71.60,68.40,0.127,0.48,65.94,12.66,21.40,34.26,8.55,,,,
Buntsandstein D,KG004,702.90,42.33,13.67,0.00,0.67,0.67,1.00,0.00,0.00,1.33,1.00,1.00,0.00,0.00,0.00,0.00,0.00,0.33,1.33,0.00,0.00,0.00,0.00,0.00,0.00,0.33,0.00,0.33,3.67,9.33,0.67,1.67,5.00,0.00,3.33,0.00,0.00,1.00,1.33,4.67,0.00,0.00,0.00,0.00,0.00,0.00,0.00,1.33,0.00,0.67,0.00,0.00,0.00,2.67,0.33,0.33,0.00,12.54,-1.9875,24.00,61.00,41.02,0.154,0.49,67.89,22.11,10.00,27.63,12.79,,,,
Buntsandstein D,KG006,697.65,46.33,11.67,0.00,1.00,1.00,1.00,0.00,0.00,3.33,3.33,2.00,0.00,0.00,0.00,0.00,0.00,0.00,0.33,0.00,0.00,0.00,0.33,0.00,0.00,0.00,0.00,0.00,0.00,9.33,0.00,1.67,3.67,0.00,0.67,0.00,0.00,0.67,2.00,4.33,0.00,0.33,0.00,0.00,0.00,0.00,0.00,0.00,0.00,1.67,0.00,0.00,0.00,4.33,0.33,0.33,0.33,11.66,-2.1961,17.67,63.60,49.00,0.170,0.54,67.62,16.67,15.71,33.20,8.91,,,,
Buntsandstein D,KG008,692.70,46.00,14.00,0.00,0.33,0.67,0.67,0.00,0.00,1.00,1.00,2.33,0.00,0.00,0.00,0.00,0.00,0.00,1.00,0.00,0.00,0.00,0.67,0.00,0.00,0.00,0.00,0.00,0.00,3.33,0.00,2.00,2.67,0.00,5.00,0.00,0.00,0.33,0.67,8.67,0.00,0.00,0.00,0.00,0.00,0.00,0.00,0.00,0.00,3.33,0.00,0.00,0.00,6.00,0.33,0.00,0.00,14.01,-0.8379,25.33,58.00,33.80,0.213,0.44,69.15,20.90,9.95,26.34,14.24,,,,
Buntsandstein D,KG010,687.85,38.33,12.67,0.00,1.67,1.67,1.67,0.00,1.67,3.00,0.00,3.33,0.00,0.00,0.00,0.00,0.00,0.00,11.33,0.00,0.00,0.00,0.33,0.00,0.00,0.00,0.00,0.00,0.00,12.67,2.00,1.33,2.33,0.00,1.67,0.00,0.00,0.67,0.00,0.67,0.00,0.00,0.00,0.00,0.00,0.00,0.00,0.00,0.00,1.00,0.00,0.00,0.00,2.00,0.00,0.00,0.00,4.33,-4.0000,10.67,82.30,75.20,0.132,0.42,53.10,16.81,30.09,38.43,5.34,,,,
Buntsandstein D,KG012,683.90,45.33,12.00,0.00,0.33,0.00,0.67,0.00,0.00,0.33,1.33,0.67,0.00,0.00,0.00,0.00,0.00,0.00,0.67,0.00,0.00,0.00,0.33,0.00,0.00,0.00,0.00,0.33,0.00,1.67,1.00,19.00,2.00,0.00,8.67,0.00,0.00,0.00,0.67,0.67,0.00,0.00,0.00,1.33,0.00,0.00,0.00,0.00,0.00,0.67,1.33,0.00,0.00,1.00,0.00,0.00,0.00,5.80,-1.7326,34.33,13.00,9.70,0.443,0.53,74.46,19.57,5.98,16.24,27.92,,,,
Buntsandstein D,KG014,676.90,51.33,12.00,0.00,1.00,1.00,2.67,0.00,1.67,2.33,3.33,3.33,0.00,0.00,0.00,0.00,0.00,0.00,3.33,0.00,0.00,0.00,0.67,0.00,0.00,0.00,0.00,0.00,0.00,5.67,1.33,0.00,2.67,0.00,0.00,0.00,0.00,1.00,1.00,2.00,0.00,0.00,0.00,0.00,0.00,0.00,0.00,0.00,0.00,0.67,0.00,0.00,0.00,2.67,0.33,0.00,0.00,9.73,-2.3246,10.67,63.40,64.90,0.247,0.42,63.82,14.63,21.54,38.43,4.93,,,,
Buntsandstein D,KG016,672.90,51.67,14.00,0.00,2.00,3.33,4.00,0.00,0.00,2.00,1.33,1.33,0.00,0.00,0.00,0.00,0.00,0.33,2.67,0.00,0.00,0.00,0.00,0.00,0.00,0.00,0.00,0.00,0.00,6.00,0.00,0.33,0.00,0.00,0.67,0.00,0.00,0.33,2.00,5.00,0.00,0.00,0.00,0.00,0.00,0.00,0.00,0.00,0.00,1.33,0.00,0.00,0.00,1.67,0.00,0.00,0.00,12.06,-1.7546,10.00,84.50,67.30,0.250,0.64,64.92,17.34,17.74,38.89,5.09,,,,
Buntsandstein D,KG018,668.15,50.33,10.67,0.00,0.00,0.33,1.00,0.00,0.67,1.67,1.00,5.00,0.00,0.00,0.00,0.00,0.00,0.00,3.67,0.00,0.00,0.00,0.00,0.00,0.00,0.00,0.00,0.00,0.00,7.67,3.00,0.33,0.00,0.00,0.00,0.00,0.00,1.00,2.67,7.00,0.00,0.00,0.00,0.00,0.00,0.00,0.00,0.33,0.00,0.67,0.00,0.00,0.00,3.00,0.00,0.00,0.00,13.23,-2.0441,17.00,83.20,80.90,0.184,0.44,67.41,14.73,17.86,33.73,9.28,,,,
Buntsandstein D,KG020,660.30,43.33,11.33,0.00,0.33,0.33,1.00,0.00,0.00,0.67,4.00,6.33,0.00,0.00,0.00,0.00,0.00,0.33,0.33,0.00,0.00,0.00,0.00,0.00,0.00,0.00,0.00,0.00,0.00,0.00,0.67,21.67,2.00,0.00,0.00,0.00,0.00,2.67,1.00,2.33,0.00,0.00,0.00,0.00,0.00,0.00,0.00,0.00,0.00,0.33,0.00,0.00,0.00,0.67,0.33,0.33,0.00,9.51,-1.4889,31.00,11.20,23.00,0.520,0.50,64.22,17.16,18.63,20.29,24.18,,,,
Buntsandstein D,KG022,655.60,64.00,3.67,0.00,0.00,1.33,1.67,0.00,0.00,0.33,2.33,6.67,0.00,0.00,0.00,0.00,0.00,0.00,2.00,0.33,0.00,0.00,0.00,0.00,0.00,0.00,0.00,0.00,0.00,6.00,0.00,1.00,0.33,0.00,0.00,0.00,0.00,0.00,0.00,5.33,0.00,0.00,0.00,0.00,0.00,0.00,0.00,0.00,0.00,0.00,0.00,0.00,0.00,4.33,0.33,0.33,0.00,8.75,-2.0530,11.00,68.60,77.10,0.511,0.57,78.05,4.47,17.48,38.20,4.12,,,,
Buntsandstein D,KG024,651.40,49.67,3.67,0.00,0.67,0.33,1.33,0.00,0.33,0.33,2.33,6.00,0.00,0.00,0.00,0.00,0.00,0.33,3.33,0.00,0.00,0.00,0.00,0.00,0.00,0.00,0.00,0.00,0.00,7.67,0.33,1.00,0.00,0.00,0.00,0.00,0.00,0.00,0.33,14.33,0.00,0.00,0.00,0.00,0.00,0.00,0.00,0.00,0.00,1.00,0.00,0.00,0.00,6.00,0.00,1.00,0.00,8.32,-2.7517,22.00,70.80,82.00,0.201,0.54,73.66,5.85,20.49,29.49,11.28,,,,
Buntsandstein D,KG026,645.70,58.33,5.00,0.00,0.33,0.33,1.00,0.00,0.00,1.00,2.67,9.67,0.00,0.00,0.00,0.00,0.00,0.00,1.00,0.00,0.00,0.00,0.33,0.00,0.00,0.00,0.00,0.00,0.00,3.67,1.33,0.33,0.00,0.00,0.00,0.00,0.00,0.00,0.67,5.67,0.00,0.00,0.00,0.00,0.00,0.00,0.00,0.00,0.00,0.33,0.00,0.00,0.00,8.00,0.00,0.33,0.00,11.29,-1.7762,16.00,84.80,69.80,0.299,0.66,73.95,6.30,19.75,34.52,5.24,,,,
Buntsandstein D,KG028,640.30,44.67,5.67,0.00,0.00,0.33,1.67,0.00,1.33,1.67,3.33,12.00,0.00,0.00,0.00,0.00,0.00,0.33,0.00,0.00,0.00,0.00,0.67,0.00,0.00,0.00,0.00,0.00,0.00,0.00,1.00,22.67,0.00,0.00,0.00,0.00,0.00,0.00,0.00,1.33,0.00,0.00,0.00,0.00,0.00,0.00,0.00,0.00,0.00,0.67,0.00,0.00,0.00,2.00,0.67,0.00,0.00,7.33,-1.0468,27.00,5.80,8.10,0.708,0.52,62.91,8.45,28.64,24.66,18.84,,,,
Buntsandstein D,KG030,635.65,42.33,5.33,0.00,0.33,0.00,1.33,0.00,0.67,0.00,3.00,14.33,0.00,0.00,0.00,0.00,0.00,0.00,0.33,0.00,0.00,0.00,0.33,0.00,0.00,0.00,0.00,0.00,0.00,1.00,0.33,17.33,1.33,0.00,0.00,0.00,0.00,1.00,1.00,6.33,0.00,0.00,0.00,0.00,0.00,0.00,0.00,0.00,0.00,0.67,0.00,0.00,0.00,3.00,0.00,0.00,0.00,11.75,-0.9247,30.33,31.50,28.50,0.690,0.54,63.05,7.88,29.06,21.05,21.58,,,,
Buntsandstein D,KG032,629.35,53.33,4.67,0.00,1.00,0.33,1.67,0.00,0.67,1.00,3.33,10.67,0.00,0.00,0.00,0.00,0.00,0.33,0.67,0.00,0.67,0.33,0.00,0.00,0.00,0.00,0.00,0.00,0.00,2.33,1.33,1.67,0.33,0.00,2.67,0.00,0.00,0.33,1.00,5.33,0.00,0.00,0.00,0.00,0.00,0.00,0.00,0.00,0.00,0.00,0.00,0.00,0.00,6.00,0.33,0.00,0.00,15.95,0.0746,18.67,71.00,62.50,0.569,0.52,70.09,6.41,23.50,32.38,8.57,,,,
Buntsandstein D,KG034,624.85,53.00,6.33,0.00,0.33,1.00,3.00,0.00,0.00,0.33,2.33,5.33,0.00,0.00,0.00,0.00,0.00,0.00,2.33,0.00,0.00,0.33,0.00,0.00,0.00,0.00,0.00,0.00,0.00,5.67,3.67,0.33,0.00,0.00,0.00,0.00,0.00,0.67,2.33,8.00,0.00,0.00,0.00,0.00,0.00,0.00,0.00,0.00,0.00,0.00,0.00,0.00,0.00,4.00,0.33,0.67,0.00,14.75,-1.3831,19.00,81.90,72.10,0.277,0.49,72.07,8.56,19.37,32.10,10.19,,,,
Buntsandstein D,KG036,619.55,55.33,0.67,0.00,0.67,0.00,0.00,0.00,0.67,0.67,1.33,3.00,0.00,0.00,0.00,0.00,0.00,0.00,6.00,0.00,0.00,0.00,0.00,0.00,0.00,0.00,0.00,0.00,0.00,9.00,2.33,0.00,0.00,0.00,0.00,0.00,0.00,0.33,0.67,14.00,0.00,0.00,0.00,0.00,0.00,0.00,0.00,0.00,0.00,0.33,0.00,0.00,0.00,4.00,0.00,1.00,0.00,8.29,-2.3935,21.33,75.70,82.40,0.185,0.64,81.95,0.98,17.07,30.08,12.12,,,,
Buntsandstein D,KG038,614.30,49.33,9.00,0.00,0.00,0.00,2.33,0.00,0.00,0.67,7.00,11.33,0.00,0.00,0.00,0.00,0.00,0.33,0.33,0.00,0.00,0.00,0.00,0.00,0.00,0.00,0.00,0.00,0.00,2.00,0.33,5.33,0.67,0.00,0.33,0.00,0.00,0.33,0.00,4.67,0.00,0.00,0.00,0.00,0.00,0.00,0.00,0.00,0.00,0.67,0.00,0.00,0.00,5.00,0.33,0.00,0.00,14.07,-0.3816,16.67,61.70,48.70,0.707,0.69,61.41,11.62,26.97,34.00,7.70,,,,
Buntsandstein D,KG040,610.20,48.00,8.67,0.00,1.00,0.00,5.00,0.00,0.00,1.00,4.67,12.00,0.00,0.00,0.00,0.00,0.00,1.33,0.00,0.00,0.00,0.00,0.33,0.00,0.00,0.00,0.00,0.00,0.00,0.33,0.00,3.00,0.33,0.00,4.00,0.00,0.00,0.00,0.00,2.33,0.00,0.00,0.00,0.00,0.00,0.00,0.00,0.00,0.00,0.33,0.67,0.00,0.00,5.00,1.00,1.00,0.00,14.19,0.8899,14.67,68.10,38.80,0.852,0.70,60.00,11.43,28.57,35.55,6.23,,,,
Buntsandstein D,KG042,605.50,56.00,3.67,0.00,0.00,2.00,3.00,0.00,0.00,1.67,1.33,6.00,0.00,0.00,0.00,0.00,0.00,0.00,7.00,0.33,0.33,0.33,0.00,0.00,0.00,0.00,0.00,0.00,0.00,9.67,0.33,0.33,0.00,0.00,0.00,0.00,0.00,0.33,0.00,5.67,0.00,0.00,0.00,0.00,0.00,0.00,0.00,0.00,0.00,0.00,0.00,0.00,0.00,2.00,0.00,0.00,0.00,4.46,-2.8620,8.67,79.40,74.80,0.328,0.44,69.42,4.55,26.03,39.78,4.01,,,,
Buntsandstein D,KG044,599.75,50.00,8.33,0.00,0.00,0.00,3.67,0.00,0.00,1.00,4.33,5.33,0.00,0.00,0.00,0.00,0.00,0.67,0.00,0.00,0.00,0.00,0.33,0.00,0.00,0.00,0.00,0.00,0.00,1.33,1.33,16.33,0.67,0.00,0.00,0.00,0.00,0.33,0.00,3.33,0.00,0.00,0.00,0.00,0.00,0.00,0.00,0.00,0.00,0.00,0.00,0.00,0.00,2.67,0.33,0.00,0.00,9.89,-1.1364,24.67,50.50,16.70,0.574,0.55,68.18,12.27,19.55,26.99,16.06,,,,
Buntsandstein D,KG046,594.50,65.00,6.00,0.00,0.00,0.33,2.67,0.00,0.33,1.67,1.00,5.00,0.00,0.00,0.00,0.00,0.00,0.00,2.00,0.00,0.00,0.00,0.33,0.33,0.00,0.00,0.00,0.00,0.00,2.67,1.00,2.33,0.33,0.00,0.00,0.00,0.00,0.67,0.33,5.33,0.00,0.00,0.00,0.00,0.00,0.00,0.00,0.00,0.00,0.67,0.00,0.00,0.00,2.00,0.00,0.00,0.00,8.61,-1.8719,12.00,85.30,55.90,0.480,0.53,77.38,7.14,15.48,37.50,6.25,,,,
Buntsandstein D,KG048,591.20,43.67,6.33,0.00,0.00,0.00,4.67,0.00,1.00,1.67,4.00,11.00,0.00,0.00,0.00,0.00,0.00,0.67,0.00,0.00,0.00,0.00,0.33,0.00,0.00,0.00,0.00,0.00,0.00,1.67,2.33,11.00,0.67,0.00,4.33,0.00,0.00,0.67,1.00,2.00,0.00,0.00,0.00,0.00,0.00,0.00,0.00,0.00,0.00,0.33,0.00,0.00,0.00,2.33,0.33,0.00,0.00,9.38,-1.1817,24.33,31.40,18.30,0.398,0.53,59.82,9.59,30.59,27.31,15.99,,,,
Buntsandstein D,KG050,585.90,58.00,6.67,0.00,0.00,1.33,2.67,0.00,0.00,2.00,0.33,8.67,0.00,0.00,0.00,0.00,0.00,0.33,3.33,0.00,0.00,0.33,0.00,0.00,0.00,0.00,0.00,0.00,0.00,10.33,0.33,0.33,0.00,0.00,0.00,0.00,0.00,0.00,0.00,3.33,0.00,0.00,0.00,0.00,0.00,0.00,0.00,0.00,0.00,0.33,0.00,0.00,0.00,1.67,0.00,0.00,0.00,3.14,-2.4946,5.67,85.20,80.60,0.174,0.67,69.60,8.40,22.00,41.70,2.33,,,,
Buntsandstein D,KG052,579.50,66.67,4.67,0.00,0.00,0.67,2.67,0.00,0.00,0.67,1.00,3.00,0.00,0.00,0.00,0.00,0.00,0.00,1.33,0.00,0.00,0.00,0.00,0.00,0.00,0.00,0.00,0.00,0.00,5.33,3.00,0.00,0.00,0.00,0.00,0.00,0.00,0.67,0.67,6.33,0.00,0.00,0.00,0.00,0.00,0.00,0.00,0.00,0.00,0.00,0.00,0.00,0.00,3.33,0.00,0.00,0.00,5.29,-2.3074,14.00,84.90,85.50,0.306,0.47,82.64,5.79,11.57,36.05,6.82,,,,
Buntsandstein D,KG054,575.85,54.00,12.00,0.00,0.67,0.67,3.00,0.00,0.33,2.67,0.33,2.00,0.00,0.00,0.00,0.00,0.00,0.00,1.33,0.33,0.00,0.00,0.00,0.00,0.33,0.00,0.00,0.00,0.00,2.33,0.67,6.00,1.33,0.00,0.00,0.00,0.00,0.33,3.67,6.33,0.00,0.00,0.00,0.00,0.00,0.00,0.00,0.00,0.00,0.00,0.00,0.00,0.00,1.67,0.00,0.00,0.00,10.71,-1.9107,20.00,50.80,44.10,0.214,0.70,71.00,15.58,13.42,31.25,12.60,,,,
Buntsandstein D,KG056,570.45,50.67,7.00,0.00,1.33,2.00,3.67,0.00,0.67,5.33,0.67,4.67,0.00,0.00,0.00,0.00,0.00,0.00,5.67,0.33,0.67,0.00,0.33,0.00,0.00,0.00,0.00,0.00,0.00,10.00,2.00,0.00,0.00,0.00,0.00,0.00,0.00,0.33,0.00,4.67,0.00,0.00,0.00,0.00,0.00,0.00,0.00,0.00,0.00,0.00,0.00,0.00,0.00,0.00,0.00,0.00,0.00,2.39,-2.5393,7.00,96.00,75.50,0.150,0.56,63.67,8.57,27.76,40.86,4.14,,,,
Buntsandstein D,KG058,564.70,53.33,6.67,0.00,0.33,2.33,8.00,0.00,0.33,0.00,0.67,2.67,0.00,0.00,0.00,0.00,0.00,0.67,4.33,0.00,0.33,0.00,0.00,0.00,0.33,0.00,0.00,0.00,0.00,6.33,0.67,0.67,0.00,0.00,0.33,0.00,0.00,0.67,0.67,7.33,0.00,0.00,0.00,0.00,0.00,0.00,0.00,0.00,0.00,0.00,0.00,0.00,0.00,2.67,0.33,0.33,0.00,4.61,-2.4209,13.00,74.00,81.50,0.182,0.58,67.65,9.24,23.11,36.78,6.53,,,,
Buntsandstein D,KG060,559.70,54.33,7.00,0.00,0.67,2.33,1.33,0.00,0.67,3.33,5.00,3.33,0.00,0.00,0.00,0.00,0.00,0.33,3.00,0.00,0.33,0.00,0.00,0.00,0.00,0.00,0.00,0.00,0.00,4.67,1.33,6.33,0.33,0.00,0.00,0.00,0.00,0.00,0.33,3.67,0.00,0.00,0.00,0.00,0.00,0.00,0.00,0.00,0.00,0.67,0.00,0.00,0.00,1.00,0.00,0.00,0.00,6.70,-2.2919,13.00,62.70,61.40,0.258,0.89,67.62,9.02,23.36,36.78,7.59,,,,
Buntsandstein D,KG062,556.30,54.00,5.67,0.00,0.00,0.33,5.33,0.00,0.67,1.00,0.33,2.33,0.00,0.00,0.00,0.00,0.00,0.00,1.00,0.00,0.67,0.00,0.00,0.00,0.00,0.00,0.00,0.00,0.00,5.67,5.33,2.00,0.33,0.00,6.00,0.00,0.00,2.67,1.33,2.67,0.00,0.00,0.00,0.00,0.00,0.00,0.00,0.00,0.00,0.33,0.00,0.00,0.00,2.33,0.00,0.00,0.00,8.79,-1.8150,22.67,72.50,72.10,0.267,0.49,76.42,8.02,15.57,28.88,14.46,,,,
Buntsandstein D,KG064,549.90,56.67,9.00,0.00,0.00,0.67,1.67,0.00,0.00,0.67,0.33,1.67,0.00,0.00,0.00,0.00,0.00,1.00,0.00,0.00,0.33,0.00,0.00,0.00,0.00,0.00,0.00,0.00,0.00,1.33,3.33,8.33,0.67,0.00,4.00,0.00,0.00,1.33,1.67,2.67,0.00,0.33,0.00,0.00,0.00,0.00,0.00,0.33,0.33,0.67,0.67,0.00,0.00,2.33,0.00,0.00,0.00,10.81,-1.5259,24.67,37.10,42.80,0.226,0.48,79.07,13.95,6.98,26.99,16.31,,,,
Buntsandstein D,KG066,544.20,44.33,10.00,0.00,0.00,1.00,6.33,0.00,0.00,1.67,0.67,1.00,0.00,0.00,0.00,0.00,0.00,0.00,0.00,0.00,0.00,0.00,0.33,0.00,0.00,0.00,0.00,0.00,0.00,2.33,2.33,14.67,1.00,0.00,2.33,0.00,0.00,1.00,2.33,4.67,0.00,0.00,0.00,0.00,0.00,0.00,0.00,0.00,0.00,0.00,0.00,0.00,0.00,3.00,0.67,0.33,0.00,10.34,-1.5741,31.33,22.90,30.80,0.191,0.53,68.21,15.38,16.41,19.90,22.69,,,,
Buntsandstein D,KG068,540.90,57.00,7.00,0.00,0.00,3.00,3.67,0.00,0.33,2.33,1.33,2.00,0.00,0.00,0.00,0.00,0.00,0.00,1.67,0.00,0.33,0.00,0.00,0.33,0.00,0.00,0.00,0.00,0.00,5.67,1.33,0.67,0.00,0.00,0.00,0.00,0.00,0.67,1.67,8.33,0.00,0.00,0.00,0.00,0.00,0.00,0.00,0.00,0.00,0.67,0.00,0.00,0.00,1.67,0.33,0.00,0.00,10.76,-1.7024,14.33,81.10,75.90,0.225,0.62,72.77,8.94,18.30,35.80,8.13,,,,
Buntsandstein D,KG070,535.15,60.00,6.67,0.00,1.33,1.67,2.33,0.00,0.00,1.00,1.00,1.67,0.00,0.00,0.00,0.00,0.00,0.33,0.67,0.33,0.33,0.00,0.67,0.33,0.00,0.00,0.00,0.00,0.00,10.00,1.00,1.00,0.33,0.00,0.00,0.00,0.00,1.00,0.67,4.33,0.00,0.00,0.00,0.00,0.00,0.00,0.00,0.00,0.00,0.00,0.00,0.00,0.00,3.33,0.00,0.00,0.00,6.82,-2.0462,11.67,73.70,86.50,0.216,0.47,80.00,9.57,10.43,37.74,5.19,,,,
Buntsandstein D,KG072,532.55,44.33,2.33,0.00,4.33,1.67,4.67,0.00,3.00,2.33,1.00,1.67,0.00,0.00,0.00,0.00,0.00,0.00,6.33,0.33,1.00,0.00,1.00,0.00,0.00,0.00,0.00,0.00,0.00,12.67,3.67,0.00,0.00,0.00,0.00,0.00,0.00,0.33,0.33,4.67,0.00,0.00,0.00,0.00,0.00,0.00,0.00,0.00,0.00,1.67,0.00,0.00,0.00,2.00,0.67,0.00,0.00,3.82,-2.8166,11.00,81.50,76.70,0.107,0.73,67.91,3.26,28.84,38.20,5.56,,,,
Buntsandstein D,KG074,524.05,55.33,8.67,0.00,0.00,0.33,6.67,0.00,0.33,2.00,0.33,2.00,0.00,0.00,0.00,0.00,0.00,0.67,0.33,0.00,0.33,0.00,0.67,0.00,0.00,0.00,0.00,0.00,0.00,4.33,1.67,1.33,0.00,0.00,0.00,0.00,0.00,0.67,1.00,8.33,0.00,0.33,0.00,0.00,0.00,0.00,0.00,0.33,0.00,0.33,0.00,0.00,0.00,3.67,0.00,0.33,0.00,13.86,-0.8227,17.00,79.30,42.30,0.261,0.51,72.17,12.17,15.65,33.73,8.84,,,,
Buntsandstein D,KG076,520.85,54.33,5.67,0.00,0.67,1.33,5.00,0.00,0.00,2.33,1.33,2.67,0.00,0.00,0.00,0.00,0.00,0.00,5.33,0.33,0.33,0.00,0.00,0.33,0.33,0.00,0.00,0.00,0.00,7.33,0.67,1.00,0.00,0.00,0.00,0.00,0.00,1.33,1.33,4.67,0.00,0.00,0.00,0.00,0.00,0.00,0.00,0.00,0.00,0.00,0.00,0.00,0.00,3.67,0.00,0.00,0.00,6.78,-2.1666,12.67,75.90,58.80,0.184,0.86,69.92,7.20,22.88,37.02,5.67,,,,
Buntsandstein D,KG078,515.20,59.33,5.33,0.00,0.00,3.67,7.00,0.00,1.33,1.67,2.33,1.00,0.00,0.00,0.00,0.00,0.00,0.33,1.33,0.00,0.00,0.00,0.00,0.00,0.33,0.00,0.00,0.00,0.00,5.67,1.00,1.00,0.00,0.00,0.00,0.00,0.00,1.00,0.67,5.67,0.00,0.00,0.00,0.00,0.00,0.00,0.00,0.00,0.00,0.33,0.00,0.00,0.00,1.00,0.00,0.00,0.00,5.25,-2.1874,10.33,72.80,70.50,0.275,0.73,71.20,6.80,22.00,38.66,5.72,,,,
Buntsandstein D,KG080,509.05,59.67,8.00,0.00,0.00,0.33,8.00,0.00,0.00,2.00,1.00,2.00,0.00,0.00,0.00,0.00,0.00,1.33,0.00,0.00,0.00,0.00,0.00,0.00,0.00,0.00,0.00,0.00,0.00,1.67,2.33,1.33,0.00,0.00,0.00,0.00,0.00,1.00,1.00,7.00,0.00,0.00,0.00,0.00,0.00,0.00,0.00,0.00,0.00,0.33,0.00,0.00,0.00,2.33,0.33,0.33,0.00,12.28,-0.8877,15.00,93.20,63.90,0.317,0.54,72.47,11.34,16.19,35.29,8.20,,,,
Rotliegendes A+B,A_01,5469.08,59.67,4.67,0.00,3.33,0.00,1.67,0.00,0.00,1.33,0.00,0.33,0.00,4.33,0.00,0.00,0.33,3.00,0.00,0.00,0.00,0.00,0.00,0.00,0.00,0.00,0.00,0.00,0.00,2.67,0.33,5.33,0.00,2.00,0.00,0.00,0.00,0.00,0.00,0.00,0.67,0.00,0.00,0.00,0.00,0.67,0.00,0.00,0.00,0.67,0.00,0.00,0.00,8.00,0.67,0.33,0.00,,,17.0,81.1,20.1,0.336,0.79,80.08,6.78,13.14,31.54,7.99,,,,
Rotliegendes A+B,A_02,5470.29,61.67,6.00,0.00,1.67,1.00,1.33,0.00,0.33,0.33,0.33,0.00,0.00,3.33,2.33,0.00,0.00,3.00,0.00,0.00,0.00,0.00,0.00,0.00,0.33,0.00,0.00,0.00,1.00,2.00,0.33,3.00,0.00,7.00,0.00,0.00,0.00,0.00,0.00,0.00,3.67,0.00,0.00,0.00,0.00,0.00,0.00,0.00,0.00,0.00,0.00,0.00,0.00,1.00,0.00,0.33,0.00,3.6,0.354,16.0,70.9,19.8,0.419,0.63,77.87,8.20,13.93,33.73,10.60,,,,
Rotliegendes A+B,A_03,5471.16,53.33,7.67,0.00,0.67,0.00,0.33,0.00,0.00,0.33,0.67,0.33,0.00,4.67,1.00,0.67,0.33,4.67,0.00,0.00,0.00,0.00,0.00,0.00,0.00,0.33,0.00,0.00,0.00,3.00,0.00,7.33,0.00,0.33,0.00,0.00,0.00,0.00,0.00,0.00,1.67,0.00,0.00,0.33,0.00,5.00,0.00,0.00,0.00,0.33,0.00,0.00,0.33,6.00,0.00,0.67,0.00,,,20.7,76.8,6.3,0.371,0.90,72.32,10.27,17.41,27.95,12.73,,,,
Rotliegendes A+B,A_04,5472.93,58.67,8.00,0.33,1.67,0.33,1.00,0.00,0.33,0.67,0.00,0.00,0.00,4.33,1.33,0.67,0.00,3.00,0.00,0.00,0.00,0.00,0.00,0.00,0.67,0.00,0.00,0.00,0.67,2.67,0.00,3.00,0.00,2.00,0.00,0.00,0.00,0.00,0.00,0.00,3.33,0.00,0.00,0.33,0.00,0.00,0.33,0.00,0.00,0.67,0.00,0.00,0.00,5.33,0.67,0.00,0.00,7.7,2.023,15.0,74.7,11.5,0.204,1.06,75.10,10.79,14.11,34.00,7.48,,,,
Rotliegendes A+B,A_05,5493.91,55.33,3.67,0.33,1.67,0.33,0.00,0.00,0.33,0.67,1.00,0.33,0.00,3.67,2.33,0.33,0.00,9.00,0.00,0.00,0.00,0.00,0.00,0.00,0.00,0.00,0.00,0.00,0.67,2.67,0.00,2.33,0.00,4.00,0.00,0.00,0.00,0.00,0.00,0.00,1.00,0.00,0.00,3.00,0.33,0.33,0.00,0.00,0.00,0.67,0.00,0.33,0.33,4.33,0.33,0.67,0.00,6.8,1.213,16.0,80.6,18.2,0.445,0.80,72.15,5.91,21.94,32.93,9.17,,,,
Rotliegendes A+B,A_06,5474.81,58.67,5.67,0.33,1.67,1.00,0.33,0.00,0.00,0.00,0.33,0.00,0.00,4.67,2.33,0.33,0.00,5.33,0.00,0.67,0.00,0.00,0.00,0.00,0.33,0.00,0.00,0.00,0.00,4.33,0.00,1.33,0.33,0.00,0.00,0.00,0.00,0.00,0.00,0.33,4.00,0.00,0.00,0.33,0.00,0.00,0.00,0.00,0.00,1.33,0.00,0.00,0.00,5.67,0.00,0.67,0.00,,,12.0,76.3,12.6,0.359,0.83,74.79,7.85,17.36,34.26,7.01,,,,
Rotliegendes A+B,A_07,5475.66,57.00,8.00,0.33,1.33,0.33,1.00,0.00,0.33,0.33,0.67,0.67,0.00,4.00,0.67,0.00,0.00,4.00,0.00,0.00,0.00,0.00,0.00,0.00,0.00,0.33,0.00,0.00,0.33,3.67,0.00,3.33,0.00,0.00,0.00,0.00,0.00,0.00,0.00,0.67,2.67,0.00,0.00,1.33,0.00,0.00,0.33,0.00,0.00,0.33,0.00,0.33,0.00,7.33,0.33,0.33,0.00,,,16.0,81.1,18.6,0.342,0.73,74.15,11.02,14.83,32.10,7.92,,,,
Rotliegendes A+B,A_08,5476.88,59.67,7.33,0.00,2.00,0.67,0.33,0.00,0.00,0.33,0.33,0.00,0.00,3.33,1.67,0.33,0.33,3.00,0.00,0.00,0.00,0.00,0.00,0.00,0.00,0.00,0.00,0.00,0.00,3.00,0.00,3.00,0.00,0.00,0.00,0.00,0.00,0.00,0.00,0.33,3.33,0.00,0.00,0.00,0.00,0.00,0.00,0.00,0.00,0.67,0.00,0.00,0.00,9.33,0.33,0.67,0.00,,,16.0,81.1,18.4,0.319,0.90,77.73,10.08,12.18,32.10,6.56,,,,
Rotliegendes A+B,A_09,5490.08,59.00,7.33,0.00,1.00,0.67,0.00,0.00,0.00,0.33,0.67,0.00,0.00,7.33,1.00,0.33,0.33,7.67,0.00,0.00,0.00,0.00,0.00,0.00,0.33,0.00,0.00,0.00,0.00,2.67,0.00,3.67,0.00,1.00,0.00,0.00,0.00,0.00,0.00,1.00,0.33,0.00,0.00,0.33,0.00,0.00,0.00,0.00,0.00,0.00,0.00,0.00,0.00,4.67,0.00,0.33,0.00,9.3,1.518,11.0,74.6,19.8,0.410,0.70,70.04,9.34,20.62,36.29,5.73,,,,
Rotliegendes A+B,A_10,5490.88,53.67,7.33,0.00,2.00,0.00,0.00,0.00,0.00,0.00,0.33,0.33,0.00,8.33,3.67,0.00,0.00,10.33,0.00,0.00,0.00,0.00,0.00,0.00,0.00,0.00,0.00,0.00,0.00,5.00,0.00,3.00,0.67,0.33,0.00,0.00,0.00,0.00,0.00,0.67,1.00,0.00,0.00,0.00,0.00,0.00,0.00,0.00,0.00,0.33,0.00,0.00,0.00,2.00,0.00,1.00,0.00,6,0.242,7.7,85.2,40.8,0.420,0.65,64.73,9.69,25.58,37.02,6.72,,,,
Rotliegendes A+B,A_11,5492.08,57.67,7.00,0.00,1.67,0.67,0.67,0.00,0.00,0.33,1.00,0.67,0.00,5.33,0.67,0.00,0.33,6.00,0.00,0.00,0.00,0.00,0.00,0.00,0.00,0.00,0.00,0.00,0.00,4.33,0.00,3.67,0.00,3.33,0.00,0.00,0.00,0.00,0.00,0.00,2.33,0.00,0.00,0.33,0.00,0.00,0.00,0.00,0.00,0.33,0.00,0.00,0.00,3.00,0.33,0.33,0.00,7.1,0.481,12.7,71.9,20.8,0.371,0.93,72.36,8.94,18.70,33.73,9.28,,,,
Rotliegendes A+B,A_12,5493.64,50.67,8.67,0.00,2.00,0.00,0.00,0.00,0.00,0.33,0.33,0.67,0.00,8.00,2.67,0.33,0.67,6.67,0.00,0.00,0.00,0.00,0.00,0.00,0.00,0.00,0.00,0.00,0.00,6.33,0.00,5.67,0.00,1.00,0.00,0.00,0.00,0.00,0.00,0.67,0.67,0.33,0.00,0.00,0.00,0.00,0.00,0.00,0.00,0.33,0.00,0.00,0.00,3.00,0.33,0.67,0.00,6.9,0.244,11.3,76.0,10.1,0.438,0.95,65.02,11.52,23.46,33.20,9.80,,,,
Rotliegendes A+B,A_13,5495.10,61.33,6.67,0.00,1.33,0.33,0.33,0.00,0.00,0.00,1.00,0.00,0.00,5.33,1.00,0.00,0.00,5.00,0.00,0.00,0.00,0.00,0.00,0.00,0.33,0.00,0.00,0.00,0.00,2.67,0.00,4.00,0.00,1.67,0.00,0.00,0.00,0.00,0.00,0.33,2.33,0.00,0.00,0.33,0.00,0.00,0.00,0.00,0.00,0.67,0.00,0.00,0.00,5.00,0.00,0.33,0.00,8,0.916,13.7,62.2,15.2,0.364,0.82,76.11,8.50,15.38,34.26,7.45,,,,
Rotliegendes A+B,A_14,5496.90,63.67,6.00,0.00,0.33,0.33,0.00,0.00,0.00,0.00,1.00,0.00,0.00,4.33,1.67,0.00,0.00,3.00,0.00,0.00,0.00,0.00,0.00,0.00,0.00,0.00,0.00,0.00,0.00,7.33,0.00,2.33,0.00,1.67,0.00,0.00,0.00,0.00,0.00,0.00,4.00,0.33,0.00,0.33,0.00,0.00,0.00,0.00,0.00,0.67,0.00,0.00,0.00,3.00,0.00,0.33,0.00,6,0.227,11.7,58.5,20.0,0.284,0.89,79.67,8.30,12.03,32.38,10.59,,,,
Rotliegendes A+B,A_15,5498.07,61.67,9.67,0.00,1.67,0.67,0.33,0.00,0.33,0.00,0.00,0.00,0.00,3.33,0.67,0.00,0.00,2.67,0.00,0.00,0.00,0.00,0.00,0.00,0.00,0.00,0.00,0.00,0.00,3.00,0.00,6.33,0.00,2.33,0.00,0.00,0.00,0.00,0.00,0.00,2.33,0.33,0.00,1.33,0.33,0.00,0.33,0.33,0.00,0.67,0.00,0.00,0.00,0.67,0.00,1.00,0.00,,,14.0,41.5,24.1,0.230,0.70,78.19,12.35,9.47,34.00,10.56,,,,
Rotliegendes A+B,A_16,5499.82,72.00,7.67,0.00,1.33,0.33,0.67,0.00,0.00,0.00,0.00,0.00,0.00,2.67,1.00,0.00,0.00,1.33,0.00,0.00,0.00,0.00,0.00,0.00,0.33,0.00,0.00,0.00,0.00,2.00,0.00,8.33,0.00,0.00,0.00,0.00,0.00,0.00,0.00,0.00,1.67,0.00,0.00,0.00,0.00,0.00,0.33,0.00,0.00,0.00,0.00,0.00,0.00,0.00,0.00,0.33,0.00,2.6,-0.445,10.3,51.4,31.3,0.331,0.70,84.29,8.81,6.90,37.50,7.50,,,,
Rotliegendes A+B,A_17,5501.06,49.33,4.67,0.00,2.67,0.67,0.00,0.00,0.00,0.00,1.00,0.67,0.00,11.00,1.33,0.33,0.67,12.67,0.00,0.00,0.00,0.00,0.00,0.00,0.00,0.00,0.00,0.00,0.67,4.67,0.00,1.00,0.00,4.33,0.00,0.00,0.00,0.00,0.00,0.00,1.33,0.00,0.00,1.67,0.00,0.00,0.00,0.00,0.00,0.33,0.00,0.33,0.33,0.00,0.00,0.33,0.00,3.3,-0.764,9.0,56.2,26.2,0.297,1.34,61.18,6.27,32.55,36.78,8.22,,,,
Rotliegendes A+B,A_18,5504.05,61.33,9.00,0.00,1.33,0.00,0.67,0.00,0.00,0.33,0.67,0.00,0.00,2.33,0.00,0.00,0.00,1.33,0.00,0.00,0.00,0.00,0.00,0.00,0.00,0.00,0.00,0.00,0.00,4.67,0.00,8.67,0.00,0.67,0.00,0.00,0.00,0.00,0.00,0.00,3.33,0.00,0.00,0.00,0.00,0.00,0.00,0.00,0.00,0.67,0.00,0.00,0.00,4.67,0.33,0.00,0.00,6.1,-0.016,17.3,53.1,25.0,0.227,0.54,81.39,11.69,6.93,29.49,12.22,,,,
Rotliegendes A+B,A_19,5505.84,58.67,8.33,0.00,1.00,0.33,0.00,0.00,0.00,0.00,1.33,0.00,0.00,4.67,1.67,0.00,0.00,4.00,0.00,0.33,0.00,0.00,0.00,0.00,0.33,0.00,0.00,0.00,1.00,4.33,0.00,4.33,0.00,4.00,0.00,0.00,0.00,0.00,0.00,0.00,3.00,0.00,0.00,0.00,0.00,0.00,0.00,0.00,0.00,0.00,0.00,0.00,0.00,2.67,0.00,0.00,0.00,5.1,-0.502,15.0,67.0,32.8,0.274,1.06,74.58,10.83,14.58,32.65,10.55,,,,
Rotliegendes A+B,A_20,5507.01,56.00,7.33,0.00,0.67,0.33,0.00,0.00,0.00,0.00,0.00,0.00,0.00,4.67,1.00,0.33,0.00,4.00,0.00,0.00,0.00,0.00,0.00,0.00,0.33,0.00,0.00,0.00,3.67,5.00,0.00,7.00,0.00,2.33,0.00,0.00,0.00,0.00,0.00,0.00,4.67,0.00,0.00,0.33,0.00,0.00,0.00,0.00,0.00,0.33,0.00,0.33,0.00,1.67,0.00,0.00,0.00,3.4,-0.714,19.7,57.4,18.9,0.225,1.01,76.23,10.31,13.45,30.38,13.46,,,,
Rotliegendes A+B,B_01,5251.04,64.00,5.67,0.00,1.00,2.33,0.00,0.00,0.67,0.33,1.33,0.33,0.00,3.33,0.33,0.00,0.00,2.67,0.00,0.00,0.00,0.00,0.00,0.00,0.00,0.00,0.00,0.00,2.33,3.00,0.00,1.00,0.00,8.33,0.00,0.00,0.00,0.00,0.00,0.00,0.33,0.00,0.00,0.00,0.33,0.00,1.00,0.00,0.00,0.67,0.00,0.00,0.00,1.00,0.00,0.00,0.00,2,0.165,14.3,73.1,30.1,0.316,1.03,79.27,7.32,13.41,33.73,10.60,,,,
Rotliegendes A+B,B_02,5251.32,61.67,9.67,0.00,1.00,0.00,0.33,0.00,0.33,0.00,1.33,1.33,0.00,1.33,0.33,0.00,0.00,4.33,0.00,0.00,0.00,0.00,0.00,0.00,0.00,0.00,0.00,0.00,0.00,1.33,0.00,4.33,0.00,4.67,0.00,0.00,0.00,0.00,0.00,0.00,2.00,0.00,0.00,0.00,0.00,0.00,0.00,0.00,0.00,0.00,0.00,0.33,0.33,4.67,0.33,0.33,0.00,6.3,0.495,15.7,57.0,25.7,0.298,0.82,76.73,12.65,10.61,33.73,8.17,,,,
Rotliegendes A+B,B_03,5251.56,62.67,10.00,0.00,1.00,1.33,0.00,0.00,0.00,0.00,0.67,0.33,0.00,1.00,0.33,0.33,0.00,3.67,0.00,0.00,0.00,0.00,0.00,0.00,0.00,0.00,0.00,0.00,0.00,2.00,0.00,5.33,0.00,6.00,0.00,0.00,0.00,0.00,0.00,0.00,0.33,0.00,0.00,0.00,0.33,0.00,0.00,0.00,0.00,0.33,0.00,0.00,0.33,3.67,0.00,0.33,0.00,6.2,0.349,15.7,53.5,18.1,0.285,0.86,78.28,13.11,8.61,33.20,9.35,,,,
Rotliegendes A+B,B_04,5251.92,56.33,10.33,0.00,1.00,2.33,0.00,0.00,0.33,0.67,0.00,0.33,0.00,4.33,0.00,0.00,0.33,0.33,0.00,0.00,0.00,0.00,0.00,0.00,0.00,0.00,0.00,0.00,2.00,3.67,0.00,7.33,0.00,2.67,0.00,0.00,0.00,0.00,0.00,0.00,7.00,0.00,0.00,0.00,0.00,0.00,0.00,0.00,0.00,0.67,0.00,0.00,0.33,0.00,0.00,0.00,0.00,2.1,-1.161,19.0,62.4,30.2,0.206,0.79,75.11,13.54,11.35,28.88,16.12,,,,
Rotliegendes A+B,B_05,5252.10,53.67,7.33,0.00,0.67,1.00,0.00,0.00,0.00,0.33,1.00,0.67,0.00,5.00,3.33,0.00,0.33,8.33,0.00,0.00,0.00,0.00,0.00,0.00,0.33,0.00,0.00,0.00,1.33,3.00,0.00,3.33,0.00,0.33,0.00,0.00,0.00,0.00,0.00,0.33,3.67,0.00,0.00,0.67,0.00,0.00,0.00,0.00,0.00,0.33,0.00,0.00,0.33,4.67,0.00,0.00,0.00,12.2,2.420,14.3,76.1,39.0,0.389,0.78,66.53,9.39,24.08,33.73,8.17,,,,
Rotliegendes A+B,B_06,5252.45,62.33,8.33,0.00,1.33,0.67,0.00,0.00,0.33,0.00,0.33,0.33,0.00,3.33,0.33,0.00,0.00,4.00,0.00,0.00,0.00,0.00,0.00,0.00,0.33,0.00,0.00,0.00,0.00,2.67,0.00,2.67,0.00,0.33,0.00,0.00,0.00,0.00,0.00,0.33,0.67,0.00,0.00,0.00,0.00,0.00,0.00,0.00,0.00,0.33,0.00,0.00,0.33,10.67,0.00,0.33,0.00,7.2,1.134,14.7,70.9,25.0,0.354,0.85,78.28,11.07,10.66,33.47,4.44,,,,
Rotliegendes A+B,B_07,5252.75,61.00,9.33,0.00,0.67,0.00,0.33,0.00,0.33,0.00,0.33,0.00,0.00,3.33,0.33,0.00,0.00,2.00,0.00,0.00,0.00,0.00,0.00,0.00,0.00,0.00,0.00,0.00,1.67,1.67,0.00,4.67,0.00,0.33,0.00,0.00,0.00,0.00,0.00,0.00,2.33,0.00,0.00,0.00,0.00,0.00,0.00,0.00,0.00,0.33,0.00,0.00,0.00,11.00,0.00,0.33,0.00,13,2.394,20.0,73.6,22.0,0.299,0.55,79.40,12.02,8.58,29.79,7.49,,,,
Rotliegendes A+B,B_08,5260.06,63.67,12.33,0.00,1.00,0.67,0.00,0.00,0.67,0.00,0.33,0.33,0.00,2.00,2.33,0.00,0.00,1.00,0.00,0.33,0.00,0.00,0.00,0.00,0.00,0.00,0.00,0.00,0.33,2.33,0.00,3.33,0.00,1.00,0.00,0.00,0.00,0.00,0.00,0.00,1.00,0.00,0.00,0.00,0.00,0.00,0.00,0.00,0.00,0.00,0.00,0.00,0.00,7.00,0.33,0.00,0.00,14.5,2.893,12.7,79.3,37.4,0.317,0.61,76.68,14.62,8.70,35.29,5.18,,,,
Rotliegendes A+B,B_09,5261.26,61.00,12.67,0.00,1.33,0.67,0.00,0.00,0.00,0.00,1.33,0.00,0.00,2.00,1.00,0.00,0.00,2.00,0.00,0.00,0.00,0.00,0.00,0.00,0.00,0.00,0.00,0.00,1.00,2.33,0.00,5.00,0.00,1.33,0.00,0.00,0.00,0.00,0.00,0.33,1.00,0.00,0.00,0.00,0.00,0.00,0.00,0.00,0.00,0.00,0.00,0.00,0.00,6.67,0.33,0.00,0.00,11.3,2.306,15.3,70.1,31.6,0.283,0.87,76.02,15.85,8.13,33.20,7.35,,,,
Rotliegendes A+B,B_10,5261.52,67.00,9.00,0.00,1.33,1.33,0.00,0.00,0.00,0.33,0.33,0.67,0.00,3.00,0.00,0.00,0.00,1.67,0.00,0.00,0.00,0.00,0.00,0.00,0.00,0.00,0.00,0.00,0.00,3.00,0.00,3.33,0.00,1.67,0.00,0.00,0.00,0.00,0.00,0.67,1.00,0.00,0.00,0.00,0.00,0.00,0.00,0.00,0.00,0.33,0.00,0.33,0.00,4.33,0.33,0.33,0.00,11.1,2.091,11.0,70.9,35.9,0.283,0.69,80.71,11.02,8.27,35.80,6.42,,,,
Rotliegendes A+B,B_11,5261.87,58.00,8.00,0.00,1.00,0.67,0.00,0.00,0.33,0.00,0.67,0.00,0.00,2.67,1.33,0.00,0.00,4.33,0.00,0.00,0.00,0.00,0.00,0.00,0.00,0.00,0.00,0.00,0.00,4.67,0.00,4.00,0.00,5.67,0.00,0.00,0.00,0.00,0.00,1.00,1.67,0.00,0.00,0.00,0.00,0.00,0.00,0.00,0.00,0.00,0.00,0.00,0.00,5.67,0.00,0.33,0.00,10.6,2.099,18.0,72.4,15.0,0.323,0.66,76.62,12.12,11.26,28.88,12.09,,,,
Rotliegendes A+B,B_12,5262.08,64.00,8.33,0.00,0.33,0.33,0.00,0.00,1.00,0.00,0.33,0.33,0.00,4.00,1.00,0.00,0.00,1.00,0.00,0.00,0.00,0.00,0.00,0.00,0.00,0.00,0.00,0.00,0.67,4.67,0.00,1.00,0.00,0.33,0.00,0.00,0.00,0.00,0.00,0.00,3.00,0.00,0.00,0.00,0.00,0.00,0.00,0.00,0.00,0.00,0.00,0.00,0.00,8.33,0.67,0.67,0.00,11.8,2.241,13.3,71.5,22.1,0.295,0.76,79.75,10.74,9.50,32.93,6.48,,,,
Rotliegendes A+B,B_13,5262.50,57.67,9.00,0.00,1.33,0.67,0.00,0.00,0.00,0.67,0.00,0.67,0.00,1.33,0.67,0.00,0.00,1.33,0.00,0.00,0.00,0.00,0.00,0.00,0.00,0.00,0.00,0.00,0.00,3.33,0.00,8.33,0.00,5.00,0.00,0.00,0.00,0.00,0.00,0.67,3.00,0.00,0.00,0.00,0.00,0.00,0.00,0.00,0.00,0.00,0.00,0.00,0.00,5.33,0.00,1.00,0.00,8.9,1.511,22.3,71.0,13.9,0.271,0.81,80.45,12.73,6.82,26.01,15.04,,,,
Rotliegendes A+B,B_14,5263.00,63.67,10.00,0.00,0.33,0.33,0.00,0.00,0.00,0.00,0.67,0.67,0.00,2.67,1.00,0.67,0.00,3.00,0.00,0.33,0.00,0.00,0.00,0.00,0.67,0.00,0.00,0.00,0.33,3.33,0.00,2.33,0.00,3.67,0.00,0.00,0.00,0.00,0.00,0.33,1.33,0.00,0.00,0.00,0.00,0.00,0.00,0.00,0.00,0.00,0.00,0.00,0.33,4.00,0.00,0.33,0.00,8.7,1.271,12.0,64.7,24.9,0.289,0.81,77.11,12.05,10.84,35.04,7.36,,,,
Rotliegendes A+B,B_15,5264.53,56.33,8.00,0.00,1.67,0.67,0.00,0.00,0.00,0.33,0.00,0.00,0.00,2.33,1.00,0.00,0.33,10.33,0.00,0.00,0.00,0.00,0.00,0.00,0.00,0.00,0.00,0.00,6.33,3.33,0.00,2.33,0.00,2.33,0.00,0.00,0.00,0.00,0.00,0.00,3.67,0.00,0.00,0.33,0.00,0.00,0.00,0.00,0.00,0.67,0.00,0.00,0.00,0.00,0.00,0.00,0.00,1.5,-1.319,15.0,81.6,39.6,0.426,1.13,71.60,9.88,18.52,32.65,12.35,,,,
Rotliegendes A+B,B_16,5264.66,51.67,5.67,0.67,0.33,2.00,0.00,0.00,0.00,0.00,0.00,0.67,0.00,2.67,0.33,0.00,0.00,10.67,0.00,0.00,0.00,0.00,0.00,0.00,0.00,0.00,0.00,0.00,10.00,4.00,0.00,2.67,0.00,0.00,0.00,0.00,0.00,0.00,0.00,0.00,7.00,0.00,0.00,0.67,0.00,0.00,0.00,0.00,0.00,0.67,0.00,0.00,0.33,0.00,0.00,0.00,0.00,0.6,-2.046,20.3,81.6,67.4,0.363,1.41,69.64,9.38,20.98,27.31,17.69,,,,
Rotliegendes A+B,B_17,5264.74,61.00,9.00,0.00,0.00,0.00,0.00,0.00,0.00,0.00,1.00,0.00,0.00,2.33,1.00,0.00,0.33,1.67,0.00,0.00,0.00,0.00,0.00,0.00,0.00,0.00,0.00,0.00,0.00,2.67,0.00,12.00,0.00,0.00,0.00,0.00,0.00,0.00,0.00,0.33,1.00,0.00,0.00,0.00,0.00,0.00,0.00,0.00,0.00,0.00,0.00,0.00,0.00,7.33,0.00,0.33,0.00,11.9,2.468,20.7,45.2,16.2,0.335,0.46,79.91,12.66,7.42,28.26,11.48,,,,
Rotliegendes A+B,B_18,5264.96,58.00,11.67,0.00,1.33,1.00,0.00,0.00,0.00,0.00,0.33,0.00,0.00,2.33,1.00,0.00,0.00,0.67,0.00,0.00,0.00,0.00,0.00,0.00,0.00,0.00,0.00,0.00,0.00,2.33,0.00,12.33,0.00,0.00,0.00,0.00,0.00,0.00,0.00,0.67,1.00,0.00,0.00,0.00,0.00,0.00,0.00,0.00,0.00,0.00,0.00,0.00,0.00,6.33,0.00,1.00,0.00,12.2,2.197,20.3,43.9,17.8,0.307,0.39,77.73,15.28,6.99,28.88,11.62,,,,
Rotliegendes A+B,B_19,5265.23,55.00,11.00,0.00,0.67,0.00,0.00,0.00,0.00,0.00,0.33,0.00,0.00,2.33,0.67,0.00,0.00,4.00,0.00,0.00,0.00,0.00,0.00,0.00,0.33,0.00,0.00,0.00,1.00,2.67,0.00,9.67,0.33,4.00,0.00,0.00,0.00,0.00,0.00,0.33,1.33,0.33,0.00,0.00,0.00,0.00,0.00,0.00,0.00,0.00,0.00,0.33,0.00,5.33,0.00,0.33,0.00,7.8,1.495,22.3,55.5,22.2,0.310,0.39,75.23,14.86,9.91,26.67,14.42,,,,
Rotliegendes A+B,B_20,5267.71,43.67,7.67,0.00,0.33,0.67,0.00,0.00,0.00,0.00,0.00,0.00,0.00,10.00,2.33,0.33,1.33,11.00,0.00,0.00,0.00,0.00,0.00,0.00,0.00,0.00,0.00,0.00,0.00,4.67,0.00,2.33,0.00,4.33,0.00,0.00,0.00,0.00,0.00,0.00,5.33,0.00,0.00,1.67,0.00,0.00,0.00,0.00,0.00,1.00,0.00,1.33,0.00,1.00,0.33,0.67,0.00,3.5,-1.076,14.7,72.3,15.1,0.365,0.97,56.90,10.78,32.33,31.82,12.50,,,,
Rotliegendes A+B,B_21,5279.25,67.33,7.33,0.00,0.33,1.33,0.00,0.00,0.33,0.00,0.00,0.00,0.00,4.67,0.33,0.00,0.00,2.00,0.00,0.00,0.00,0.00,0.00,0.00,0.00,0.00,0.33,0.00,1.33,4.67,0.00,1.67,0.00,1.33,0.00,0.00,0.00,0.00,0.00,0.00,4.00,0.00,0.00,3.00,0.00,0.00,0.00,0.00,0.00,0.00,0.00,0.00,0.00,0.00,0.00,0.00,0.00,1.8,-1.276,11.3,74.1,26.1,0.175,1.18,80.88,9.56,9.56,34.52,10.48,,,,
Rotliegendes A+B,B_22,5280.12,64.00,10.33,0.00,1.00,0.00,0.00,0.00,0.00,0.33,0.00,0.00,0.00,2.33,0.33,0.00,0.00,2.67,0.00,0.00,0.00,0.00,0.00,0.00,0.00,0.33,0.00,0.00,1.33,7.67,0.00,5.67,0.00,1.00,0.00,0.00,0.00,0.00,0.00,0.00,1.67,0.00,0.00,0.33,0.00,0.00,0.00,0.00,0.00,0.33,0.00,0.00,0.33,0.00,0.00,0.33,0.00,3.9,-0.936,10.0,59.2,33.9,0.200,0.94,80.25,13.17,6.58,33.20,11.80,,,,
Rotliegendes A+B,B_23,5281.35,59.00,8.33,0.00,0.33,0.00,0.00,0.00,0.33,0.33,0.33,0.00,0.00,4.33,3.33,0.00,0.00,6.33,0.00,0.00,0.00,0.00,0.00,0.00,1.00,0.00,0.00,0.00,0.33,4.33,0.00,2.00,0.00,3.67,0.00,0.00,0.00,0.00,0.00,0.00,1.33,0.00,0.00,3.33,0.00,0.00,0.00,0.00,0.00,0.67,0.00,0.00,0.00,0.33,0.00,0.33,0.00,4.7,-0.939,11.0,76.7,39.8,0.177,1.10,71.77,10.89,17.34,35.04,9.74,,,,
Rotliegendes A+B,B_24,5282.82,69.00,7.33,0.00,0.00,0.33,0.00,0.00,0.67,0.00,0.67,0.00,0.00,3.33,1.00,0.00,0.00,2.00,0.00,0.33,0.00,0.00,0.00,0.00,0.00,0.00,0.00,0.00,0.67,4.00,0.00,5.00,0.00,2.00,0.00,0.00,0.00,0.00,0.00,0.00,1.67,0.00,0.00,0.00,0.00,0.00,0.00,0.00,0.00,0.00,0.00,1.67,0.00,0.33,0.00,0.00,0.00,3.4,-1.284,9.7,61.3,44.1,0.197,1.14,81.82,9.49,8.70,36.29,8.49,,,,
Rotliegendes A+B,B_25,5284.07,53.67,7.00,0.00,0.67,1.00,1.33,0.00,0.00,0.67,0.33,0.00,0.00,4.67,2.33,0.00,0.00,8.67,0.00,0.00,0.00,0.00,0.00,0.00,0.33,0.00,0.00,0.00,0.33,5.67,0.00,3.00,0.00,5.00,0.00,0.00,0.00,0.00,0.00,0.00,0.00,0.00,0.00,2.67,0.33,0.33,0.67,0.00,0.00,0.33,0.00,0.33,0.00,0.00,0.67,0.00,0.00,2.9,-1.201,12.3,76.3,24.7,0.257,1.01,67.63,8.71,23.65,32.65,12.35,,,,
Rotliegendes A+B,B_26,5285.52,69.67,5.33,0.33,1.00,0.67,1.00,0.00,0.00,0.00,0.33,0.00,0.00,3.33,0.67,0.00,0.33,2.33,0.00,0.33,0.00,0.00,0.00,0.00,0.00,0.00,0.00,0.00,2.33,7.33,0.00,3.33,0.00,0.00,0.00,0.00,0.00,0.00,0.00,0.00,1.67,0.00,0.00,0.00,0.00,0.00,0.00,0.00,0.00,0.00,0.00,0.00,0.00,0.00,0.00,0.00,0.00,1.7,-1.678,7.3,79.1,45.1,0.276,1.16,83.14,7.06,9.80,35.55,9.45,,,,
Rotliegendes A+B,B_27,5285.81,68.00,12.67,0.00,0.67,0.00,0.33,0.00,0.00,0.00,0.33,0.00,0.00,1.33,0.00,0.00,0.00,0.67,0.00,0.00,0.00,0.00,0.00,0.00,0.00,0.00,0.00,0.00,0.00,1.67,0.00,11.67,0.00,0.33,0.00,0.00,0.00,0.00,0.00,0.00,1.00,0.00,0.00,0.33,0.00,0.00,0.33,0.00,0.00,0.33,0.00,0.33,0.00,0.00,0.00,0.00,0.00,3,-1.056,13.7,46.7,33.2,0.270,0.52,81.75,15.08,3.17,35.04,9.96,,,,
Rotliegendes A+B,B_28,5286.80,60.33,15.67,0.00,0.00,0.33,0.00,0.00,0.00,0.00,2.00,0.00,0.00,1.00,0.00,0.00,0.00,0.33,0.00,0.00,0.00,0.00,0.00,0.00,0.00,0.00,0.00,0.00,0.00,2.00,0.00,15.00,0.00,1.00,0.00,0.00,0.00,0.00,0.00,0.33,0.00,0.00,0.00,0.33,0.00,0.00,0.00,0.00,0.00,0.33,0.00,0.00,0.00,1.33,0.00,0.00,0.00,4.1,-0.335,18.0,40.7,21.9,0.317,0.45,75.73,19.67,4.60,31.25,12.83,,,,
Rotliegendes A+B,B_29,5288.58,65.00,13.00,0.00,0.00,0.33,0.33,0.00,0.00,0.00,0.67,0.00,0.00,1.00,0.33,0.00,0.00,0.00,0.00,0.00,0.00,0.00,0.00,0.00,0.00,0.00,0.00,0.00,0.00,5.33,0.00,9.33,0.00,1.00,0.00,0.00,0.00,0.00,0.00,0.33,0.00,0.00,0.00,0.33,0.00,0.00,0.00,0.00,0.00,0.00,0.00,0.00,0.33,1.67,1.00,0.00,0.00,4.5,-0.358,12.7,54.9,29.3,0.279,0.49,80.58,16.12,3.31,32.93,10.96,,,,
Rotliegendes A+B,B_30,5289.48,59.67,7.00,0.00,0.67,0.33,0.33,0.00,0.00,0.00,0.00,0.00,0.00,8.67,3.33,0.00,0.00,7.33,0.00,0.00,0.00,0.00,0.00,0.00,0.00,0.00,0.00,0.00,1.67,8.00,0.00,1.33,0.00,0.00,0.00,0.00,0.00,0.00,0.00,0.67,0.33,0.00,0.00,0.33,0.00,0.00,0.00,0.00,0.00,0.00,0.00,0.00,0.33,0.00,0.00,0.00,0.00,2.5,-1.167,4.3,80.0,41.1,0.312,1.11,69.08,8.02,22.90,37.26,7.74,,,,
Rotliegendes A+B,B_31,5290.94,52.00,3.33,0.00,0.33,1.00,1.00,0.00,0.00,0.00,0.00,0.00,0.00,6.33,2.33,0.00,0.00,17.00,0.00,0.00,0.00,0.00,0.00,0.00,0.33,0.00,0.33,0.00,1.33,7.33,0.00,3.33,0.00,1.67,0.00,0.00,0.00,0.00,0.00,0.00,1.00,0.00,0.00,0.67,0.00,0.00,0.00,0.00,0.00,0.00,0.00,0.00,0.33,0.33,0.00,0.00,0.00,3.5,-1.194,8.3,73.3,28.8,0.427,1.42,62.80,4.40,32.80,34.78,10.00,,,,
Rotliegendes A+B,B_32,5291.88,61.67,6.00,0.00,0.33,0.67,1.67,0.00,0.33,0.00,0.00,0.00,0.00,5.33,1.67,0.00,0.00,4.67,0.00,0.00,0.00,0.00,0.00,0.00,0.00,0.00,0.00,0.00,1.00,8.00,0.00,3.00,0.00,4.67,0.00,0.00,0.00,0.00,0.00,0.00,0.00,0.00,0.00,0.33,0.00,0.00,0.00,0.00,0.00,0.33,0.00,0.00,0.00,0.33,0.00,0.00,0.00,3.6,-1.066,9.3,67.3,28.7,0.242,1.17,75.30,7.69,17.00,33.47,11.31,,,,
Rotliegendes A+B,B_33,5293.37,53.00,4.67,0.00,1.00,1.33,1.67,0.00,0.33,0.33,0.00,0.00,0.00,6.33,1.67,0.00,0.00,5.00,0.00,0.33,0.00,0.00,0.00,0.00,0.67,0.33,0.00,0.00,5.67,13.00,0.00,3.33,0.00,0.33,0.00,0.00,0.00,0.00,0.00,0.00,1.00,0.00,0.00,0.00,0.00,0.00,0.00,0.00,0.00,0.00,0.00,0.00,0.00,0.00,0.00,0.00,0.00,1.2,-1.638,10.3,70.9,43.7,0.262,1.15,71.68,7.08,21.24,28.57,16.43,,,,
Rotliegendes A+B,B_34,5293.69,62.00,8.33,0.00,0.33,1.00,0.00,0.00,0.67,0.33,1.67,0.00,0.00,2.33,1.33,0.00,0.33,1.67,0.00,0.00,0.00,0.00,0.00,0.00,0.00,0.00,0.00,0.00,0.33,5.67,0.00,11.33,0.00,0.67,0.00,0.00,0.00,0.00,0.00,0.33,0.00,0.00,0.00,0.33,0.00,0.00,0.00,0.00,0.00,0.33,0.00,0.00,0.00,1.00,0.00,0.00,0.00,2.6,-1.268,14.0,48.3,30.0,0.281,0.63,77.92,10.83,11.25,31.54,12.78,,,,
Rotliegendes A+B,B_35,5294.28,54.00,8.00,0.33,1.33,1.67,0.67,0.00,0.67,0.00,0.67,0.33,0.00,10.67,1.33,0.00,0.00,4.67,0.00,0.00,0.00,0.00,0.00,0.00,0.33,0.00,0.00,0.00,0.33,1.67,0.00,2.33,0.00,7.33,0.00,0.00,0.00,0.00,0.00,0.33,1.00,0.00,0.00,1.00,0.00,0.00,0.00,0.00,0.00,0.00,0.00,0.33,0.33,0.67,0.00,0.00,0.00,4,-0.452,13.0,74.8,29.0,0.377,0.68,65.61,10.28,24.11,35.55,9.02,,,,